timestamp,devices
1736784683947
1736784685981,6A:1A:50:2B:30:CA--68,44:17:09:D1:4D:26--68,67:5C:A5:5B:47:D6--77,06:FF:54:AD:70:E7--73,49:5E:B5:46:2C:49--87,3C:C4:C4:A4:2D:29--69,64:D2:C4:B4:DC:65--82,65:ED:FC:C6:42:FF--75,06:17:7E:71:44:71--85,58:E3:5D:86:47:4E--70,59:3D:C1:FA:66:28--75,4B:EB:79:3E:FA:09--73,FA:6E:13:3E:E5:7D--71,5A:3A:87:B0:29:E1--67,1A:E0:0D:67:63:C7--88,55:D8:D7:34:6B:A0--70,46:E5:51:11:92:27--82,5B:0D:5A:9E:32:FF--82,39:45:F1:DE:78:23--88,46:A3:8C:74:63:E9--80,4D:D9:7F:10:43:B1--60,7A:EC:4C:83:39:FD--88,55:E0:CB:6F:EF:84--71,16:FD:26:F3:EE:EF--79,78:8A:F2:E9:A2:45--75,FE:6A:56:14:D9:DD--70
1736784687988,32:5C:7A:78:F5:F9--72,59:3D:C1:FA:66:28--70,65:ED:FC:C6:42:FF--76,6A:1A:50:2B:30:CA--67,4B:EB:79:3E:FA:09--66,16:FD:26:F3:EE:EF--81,4D:D9:7F:10:43:B1--55,EA:6A:3B:9D:5A:AE--85,41:F4:1E:D7:03:B2--81,06:17:7E:71:44:71--84,42:E8:B1:2E:21:E7--73,44:17:09:D1:4D:26--64,65:B1:F9:0F:B3:84--75,EB:A3:21:0F:00:90--72,25:D5:2B:E2:9C:A9--86
1736784689004,2F:64:7A:BD:7C:94--87,6A:1A:50:2B:30:CA--75,40:DD:C0:EB:7F:CC--69,5A:0B:8B:B0:16:F1--79,47:53:C1:5D:1B:FD--64,6C:E9:2E:F7:5A:C3--76,31:05:86:D4:CD:19--65,41:F4:1E:D7:03:B2--79,EA:6A:3B:9D:5A:AE--82,C3:20:02:3D:09:4A--59,68:26:C5:D9:45:12--66,46:A3:8C:74:63:E9--75,CD:FE:81:46:D2:E5--64,3C:C4:C4:A4:2D:29--61,46:E5:51:11:92:27--76,1A:E0:0D:67:63:C7--78,E1:94:E3:2B:8B:DC--80,65:5A:74:11:92:C6--75,1A:81:D4:73:84:30--72,5E:51:C6:E8:8D:4F--76,EB:A3:21:0F:00:90--75,55:E0:CB:6F:EF:84--60
1736784690041,2F:64:7A:BD:7C:94--87,6A:1A:50:2B:30:CA--75,40:DD:C0:EB:7F:CC--69,5A:0B:8B:B0:16:F1--79,47:53:C1:5D:1B:FD--64,6C:E9:2E:F7:5A:C3--76,31:05:86:D4:CD:19--65,41:F4:1E:D7:03:B2--79,EA:6A:3B:9D:5A:AE--82,C3:20:02:3D:09:4A--59,68:26:C5:D9:45:12--66,46:A3:8C:74:63:E9--75,CD:FE:81:46:D2:E5--64,3C:C4:C4:A4:2D:29--61,46:E5:51:11:92:27--76,1A:E0:0D:67:63:C7--78,E1:94:E3:2B:8B:DC--80,65:5A:74:11:92:C6--75,1A:81:D4:73:84:30--72,5E:51:C6:E8:8D:4F--76,EB:A3:21:0F:00:90--75,55:E0:CB:6F:EF:84--60
1736784691058,18:98:CE:D9:78:D5--88,06:FF:54:AD:70:E7--80,46:9D:44:90:2B:DB--77,3C:C4:C4:A4:2D:29--73,F5:BB:E6:B1:C7:86--85,55:D8:D7:34:6B:A0--72,FF:3C:38:00:1D:93--88,68:26:C5:D9:45:12--65,6A:1A:50:2B:30:CA--64,D3:81:93:EA:4F:C6--83,25:D5:2B:E2:9C:A9--72,79:7E:EE:A5:43:FC--64,1A:81:D4:73:84:30--76,7E:DD:EC:57:68:3E--78,40:DD:C0:EB:7F:CC--73,5C:97:13:71:86:0A--63,63:87:6A:4E:D3:69--85,03:B5:2F:CC:E7:21--91,2F:64:7A:BD:7C:94--91,EA:6A:3B:9D:5A:AE--90,67:F1:B3:1B:54:9A--75
1736784692102,18:98:CE:D9:78:D5--88,06:FF:54:AD:70:E7--80,46:9D:44:90:2B:DB--77,3C:C4:C4:A4:2D:29--73,F5:BB:E6:B1:C7:86--85,55:D8:D7:34:6B:A0--72,FF:3C:38:00:1D:93--88,68:26:C5:D9:45:12--65,6A:1A:50:2B:30:CA--64,D3:81:93:EA:4F:C6--83,25:D5:2B:E2:9C:A9--72,79:7E:EE:A5:43:FC--64,1A:81:D4:73:84:30--76,7E:DD:EC:57:68:3E--78,40:DD:C0:EB:7F:CC--73,5C:97:13:71:86:0A--63,63:87:6A:4E:D3:69--85,03:B5:2F:CC:E7:21--91,2F:64:7A:BD:7C:94--91,EA:6A:3B:9D:5A:AE--90,67:F1:B3:1B:54:9A--75
1736784693123,2F:64:7A:BD:7C:94--89,6B:84:DF:FE:A9:F8--59,52:0C:DA:3A:16:DD--80,38:5F:D3:B0:A5:5B--85,6A:1A:50:2B:30:CA--76,06:FF:54:AD:70:E7--60,4D:D9:7F:10:43:B1--55,32:5C:7A:78:F5:F9--82,5A:3A:87:B0:29:E1--67,31:05:86:D4:CD:19--70,EF:05:B8:06:36:DD--73,3C:C4:C4:A4:2D:29--63
1736784694129,2F:64:7A:BD:7C:94--89,6B:84:DF:FE:A9:F8--59,52:0C:DA:3A:16:DD--80,38:5F:D3:B0:A5:5B--85,6A:1A:50:2B:30:CA--76,06:FF:54:AD:70:E7--60,4D:D9:7F:10:43:B1--55,32:5C:7A:78:F5:F9--82,5A:3A:87:B0:29:E1--67,31:05:86:D4:CD:19--70,EF:05:B8:06:36:DD--73,3C:C4:C4:A4:2D:29--63
1736784696146
1736784698163
1736784700178
1736784702191
1736784703193
1736784704207
1736784706223
1736784708237
1736784710251
1736784712269
1736784713271
1736784714315
1736784715334,67:5C:A5:5B:47:D6--67,73:46:24:8F:9B:2F--79,06:17:7E:71:44:71--92,6A:1A:50:2B:30:CA--73,54:08:3B:C4:FC:64--63,4B:EB:79:3E:FA:09--78,55:D8:D7:34:6B:A0--70,1A:E0:0D:67:63:C7--79,2E:23:82:16:32:21--59,06:FF:54:AD:70:E7--63,69:6A:4E:4D:40:1D--74,46:E5:51:11:92:27--77,1A:81:D4:73:84:30--63,2A:CC:06:27:C2:64--90,16:FD:26:F3:EE:EF--77,78:8A:F2:E9:A2:45--82
1736784716365,67:5C:A5:5B:47:D6--67,73:46:24:8F:9B:2F--79,06:17:7E:71:44:71--92,6A:1A:50:2B:30:CA--73,54:08:3B:C4:FC:64--63,4B:EB:79:3E:FA:09--78,55:D8:D7:34:6B:A0--70,1A:E0:0D:67:63:C7--79,2E:23:82:16:32:21--59,06:FF:54:AD:70:E7--63,69:6A:4E:4D:40:1D--74,46:E5:51:11:92:27--77,1A:81:D4:73:84:30--63,2A:CC:06:27:C2:64--90,16:FD:26:F3:EE:EF--77,78:8A:F2:E9:A2:45--82
1736784717389,52:0C:DA:3A:16:DD--64,6A:1A:50:2B:30:CA--61,38:5F:D3:B0:A5:5B--79,5B:13:54:6E:F6:C6--82,46:9D:44:90:2B:DB--65,16:FD:26:F3:EE:EF--76,29:88:8A:E1:81:F1--87,06:FF:54:AD:70:E7--67,41:EC:36:09:45:CC--77,63:FA:ED:65:6F:EB--57,25:D5:2B:E2:9C:A9--79,67:5C:A5:5B:47:D6--63,47:53:C1:5D:1B:FD--67,0E:40:3E:EF:6D:2F--80,46:E5:51:11:92:27--80,71:50:11:F3:CC:71--75,5C:97:13:71:86:0A--69,14:A8:E1:73:54:15--80,54:B2:0C:A0:3A:0E--76,F2:22:E8:87:B9:9C--79
1736784718421,52:0C:DA:3A:16:DD--64,6A:1A:50:2B:30:CA--61,38:5F:D3:B0:A5:5B--79,5B:13:54:6E:F6:C6--82,46:9D:44:90:2B:DB--65,16:FD:26:F3:EE:EF--76,29:88:8A:E1:81:F1--87,06:FF:54:AD:70:E7--67,41:EC:36:09:45:CC--77,63:FA:ED:65:6F:EB--57,25:D5:2B:E2:9C:A9--79,67:5C:A5:5B:47:D6--63,47:53:C1:5D:1B:FD--67,0E:40:3E:EF:6D:2F--80,46:E5:51:11:92:27--80,71:50:11:F3:CC:71--75,5C:97:13:71:86:0A--69,14:A8:E1:73:54:15--80,54:B2:0C:A0:3A:0E--76,F2:22:E8:87:B9:9C--79
1736784719443,6A:1A:50:2B:30:CA--72,2E:23:82:16:32:21--65,7A:86:ED:96:8B:2F--76,FA:6E:13:3E:E5:7D--79,5C:97:13:71:86:0A--74,54:2D:77:DD:B4:FE--83,D3:D8:22:EE:40:90--59,67:5C:A5:5B:47:D6--73,3C:C4:C4:A4:2D:29--81,DF:25:FB:0A:03:BC--89,25:D5:2B:E2:9C:A9--70,03:B5:2F:CC:E7:21--87,1A:E0:0D:67:63:C7--85,61:E6:9D:9D:A0:C0--82,40:DD:C0:EB:7F:CC--79,54:B2:0C:A0:3A:0E--67,59:CB:33:1E:2D:4B--79,65:5A:74:11:92:C6--73,66:FA:F6:7A:46:C3--73,1A:E3:99:67:D6:4E--81,63:87:6A:4E:D3:69--82,49:5E:B5:46:2C:49--71,7E:13:22:73:B7:D4--70
1736784720474,6A:1A:50:2B:30:CA--72,2E:23:82:16:32:21--65,7A:86:ED:96:8B:2F--76,FA:6E:13:3E:E5:7D--79,5C:97:13:71:86:0A--74,54:2D:77:DD:B4:FE--83,D3:D8:22:EE:40:90--59,67:5C:A5:5B:47:D6--73,3C:C4:C4:A4:2D:29--81,DF:25:FB:0A:03:BC--89,25:D5:2B:E2:9C:A9--70,03:B5:2F:CC:E7:21--87,1A:E0:0D:67:63:C7--85,61:E6:9D:9D:A0:C0--82,40:DD:C0:EB:7F:CC--79,54:B2:0C:A0:3A:0E--67,59:CB:33:1E:2D:4B--79,65:5A:74:11:92:C6--73,66:FA:F6:7A:46:C3--73,1A:E3:99:67:D6:4E--81,63:87:6A:4E:D3:69--82,49:5E:B5:46:2C:49--71,7E:13:22:73:B7:D4--70
1736784721493,6A:1A:50:2B:30:CA--73,06:FF:54:AD:70:E7--67,31:05:86:D4:CD:19--73,48:8C:9F:C6:55:46--77,55:E0:CB:6F:EF:84--61,41:F4:1E:D7:03:B2--80,40:DD:C0:EB:7F:CC--82,E1:94:E3:2B:8B:DC--81,5D:E1:16:91:3D:5E--73,64:D2:C4:B4:DC:65--79,5C:97:13:71:86:0A--80,40:0E:66:BF:7C:7C--71,14:A8:E1:73:54:15--81,54:08:3B:C4:FC:64--70,EB:A3:21:0F:00:90--76,D3:81:93:EA:56:46--89,63:FA:ED:65:6F:EB--68
1736784722519,6A:1A:50:2B:30:CA--73,06:FF:54:AD:70:E7--67,31:05:86:D4:CD:19--73,48:8C:9F:C6:55:46--77,55:E0:CB:6F:EF:84--61,41:F4:1E:D7:03:B2--80,40:DD:C0:EB:7F:CC--82,E1:94:E3:2B:8B:DC--81,5D:E1:16:91:3D:5E--73,64:D2:C4:B4:DC:65--79,5C:97:13:71:86:0A--80,40:0E:66:BF:7C:7C--71,14:A8:E1:73:54:15--81,54:08:3B:C4:FC:64--70,EB:A3:21:0F:00:90--76,D3:81:93:EA:56:46--89,63:FA:ED:65:6F:EB--68
1736784723537,6A:1A:50:2B:30:CA--67,CD:FE:81:46:D2:E5--66,C3:20:02:3D:09:4A--67,79:7E:EE:A5:43:FC--73,E0:AE:D4:00:FD:B2--90,06:17:7E:71:44:71--82,46:E5:51:11:92:27--77,4A:4C:79:69:5C:EF--87,0E:40:3E:EF:6D:2F--66,25:D5:2B:E2:9C:A9--70,48:8C:9F:C6:55:46--71,55:E0:CB:6F:EF:84--63,4D:1D:80:6C:48:E5--72,5C:97:13:71:86:0A--60,1A:81:D4:73:84:30--59,7E:DD:EC:57:68:3E--81,67:5C:A5:5B:47:D6--63
1736784724550,6A:1A:50:2B:30:CA--67,CD:FE:81:46:D2:E5--66,C3:20:02:3D:09:4A--67,79:7E:EE:A5:43:FC--73,E0:AE:D4:00:FD:B2--90,06:17:7E:71:44:71--82,46:E5:51:11:92:27--77,4A:4C:79:69:5C:EF--87,0E:40:3E:EF:6D:2F--66,25:D5:2B:E2:9C:A9--70,48:8C:9F:C6:55:46--71,55:E0:CB:6F:EF:84--63,4D:1D:80:6C:48:E5--72,5C:97:13:71:86:0A--60,1A:81:D4:73:84:30--59,7E:DD:EC:57:68:3E--81,67:5C:A5:5B:47:D6--63
1736784726563
1736784728577
1736784729582
1736784730591
1736784731594
1736784732605
1736784733608
1736784734632
1736784736658
1736784738684
1736784739688
1736784740712
1736784742737
1736784744789
1736784745820,2E:23:82:16:32:21--72,55:D8:D7:34:6B:A0--67,DC:7A:1D:3E:63:89--83,7A:EC:4C:83:39:FD--78,6A:1A:50:2B:30:CA--63,5C:97:13:71:86:0A--71,31:05:86:D4:CD:19--66,E1:94:E3:2B:8B:DC--85,68:26:C5:D9:45:12--78,FB:71:15:A3:48:1B--90,7E:DD:EC:57:68:3E--79,3C:C4:C4:A4:2D:29--82,77:2B:0E:09:FC:54--90,2F:64:7A:BD:7C:94--86,69:6A:4E:4D:40:1D--70,32:5C:7A:78:F5:F9--81,F8:1E:0F:31:85:21--70,1A:81:D4:73:84:30--61,CB:86:AB:00:3B:0A--69,7A:86:ED:96:8B:2F--73,06:FF:54:AD:70:E7--67
1736784746874,2E:23:82:16:32:21--72,55:D8:D7:34:6B:A0--67,DC:7A:1D:3E:63:89--83,7A:EC:4C:83:39:FD--78,6A:1A:50:2B:30:CA--63,5C:97:13:71:86:0A--71,31:05:86:D4:CD:19--66,E1:94:E3:2B:8B:DC--85,68:26:C5:D9:45:12--78,FB:71:15:A3:48:1B--90,7E:DD:EC:57:68:3E--79,3C:C4:C4:A4:2D:29--82,77:2B:0E:09:FC:54--90,2F:64:7A:BD:7C:94--86,69:6A:4E:4D:40:1D--70,32:5C:7A:78:F5:F9--81,F8:1E:0F:31:85:21--70,1A:81:D4:73:84:30--61,CB:86:AB:00:3B:0A--69,7A:86:ED:96:8B:2F--73,06:FF:54:AD:70:E7--67
1736784747880,74:81:8A:38:7F:BD--79,06:FF:54:AD:70:E7--64,DC:0D:30:59:57:8F--76,2F:64:7A:BD:7C:94--84,69:6A:4E:4D:40:1D--78,54:B2:0C:A0:3A:0E--72,14:A8:E1:73:54:15--89,1A:81:D4:73:84:30--60,68:26:C5:D9:45:12--76,59:00:C3:02:42:21--74,55:D8:D7:34:6B:A0--76,5E:E9:CA:89:6D:9B--76,67:5C:A5:5B:47:D6--68,16:FD:26:F3:EE:EF--71,F2:22:E8:87:B9:9C--64,25:D5:2B:E2:9C:A9--78,6A:1A:50:2B:30:CA--77,48:8C:9F:C6:55:46--87,18:98:CE:D9:78:D5--88
1736784748923,74:81:8A:38:7F:BD--79,06:FF:54:AD:70:E7--64,DC:0D:30:59:57:8F--76,2F:64:7A:BD:7C:94--84,69:6A:4E:4D:40:1D--78,54:B2:0C:A0:3A:0E--72,14:A8:E1:73:54:15--89,1A:81:D4:73:84:30--60,68:26:C5:D9:45:12--76,59:00:C3:02:42:21--74,55:D8:D7:34:6B:A0--76,5E:E9:CA:89:6D:9B--76,67:5C:A5:5B:47:D6--68,16:FD:26:F3:EE:EF--71,F2:22:E8:87:B9:9C--64,25:D5:2B:E2:9C:A9--78,6A:1A:50:2B:30:CA--77,48:8C:9F:C6:55:46--87,18:98:CE:D9:78:D5--88
1736784749930,3C:C4:C4:A4:2D:29--67,FE:6A:56:14:D9:DD--70,6A:1A:50:2B:30:CA--67,37:3E:A2:A7:8F:E8--91,32:5C:7A:78:F5:F9--93,4D:1D:80:6C:48:E5--76,10:EE:A9:E7:36:26--87,74:81:8A:38:7F:BD--73,61:E6:9D:9D:A0:C0--76,71:50:11:F3:CC:71--73,06:17:7E:71:44:71--97,77:F2:E6:72:FE:04--73,1A:81:D4:73:84:30--60,40:79:A1:30:F7:16--82,43:C3:BD:AF:C8:DA--76,7E:13:22:73:B7:D4--78,C5:3A:BD:6A:A1:60--82,73:46:24:8F:9B:2F--82,48:8C:9F:C6:55:46--84,46:E5:51:11:92:27--79,68:26:C5:D9:45:12--78,D3:D8:22:EE:40:90--57
1736784750983,3C:C4:C4:A4:2D:29--67,FE:6A:56:14:D9:DD--70,6A:1A:50:2B:30:CA--67,37:3E:A2:A7:8F:E8--91,32:5C:7A:78:F5:F9--93,4D:1D:80:6C:48:E5--76,10:EE:A9:E7:36:26--87,74:81:8A:38:7F:BD--73,61:E6:9D:9D:A0:C0--76,71:50:11:F3:CC:71--73,06:17:7E:71:44:71--97,77:F2:E6:72:FE:04--73,1A:81:D4:73:84:30--60,40:79:A1:30:F7:16--82,43:C3:BD:AF:C8:DA--76,7E:13:22:73:B7:D4--78,C5:3A:BD:6A:A1:60--82,73:46:24:8F:9B:2F--82,48:8C:9F:C6:55:46--84,46:E5:51:11:92:27--79,68:26:C5:D9:45:12--78,D3:D8:22:EE:40:90--57
1736784752018,54:08:3B:C4:FC:64--67,6A:1A:50:2B:30:CA--57,06:FF:54:AD:70:E7--64,2F:64:7A:BD:7C:94--81,46:9D:44:90:2B:DB--71,6D:3E:75:CF:0A:90--72,5E:E9:CA:89:6D:9B--73,2E:23:82:16:32:21--69,D3:D8:22:EE:40:90--63,F8:1E:0F:31:85:21--57
1736784753069,54:08:3B:C4:FC:64--67,6A:1A:50:2B:30:CA--57,06:FF:54:AD:70:E7--64,2F:64:7A:BD:7C:94--81,46:9D:44:90:2B:DB--71,6D:3E:75:CF:0A:90--72,5E:E9:CA:89:6D:9B--73,2E:23:82:16:32:21--69,D3:D8:22:EE:40:90--63,F8:1E:0F:31:85:21--57
1736784754092,66:CC:9A:7E:95:C0--64,7E:DD:EC:57:68:3E--82,3C:C4:C4:A4:2D:29--77,6A:1A:50:2B:30:CA--70,2F:64:7A:BD:7C:94--92,06:FF:54:AD:70:E7--69,D8:1E:06:37:EC:62--77,38:5F:D3:B0:A5:5B--90,31:05:86:D4:CD:19--76,46:9D:44:90:2B:DB--78,4A:4E:4B:80:19:58--79,25:D5:2B:E2:9C:A9--83,2E:23:82:16:32:21--73,5B:0D:5A:9E:32:FF--70,0E:40:3E:EF:6D:2F--72,55:E0:CB:6F:EF:84--71,5A:0B:8B:B0:16:F1--74,D3:81:93:EA:4F:C6--85,68:26:C5:D9:45:12--88,F1:F1:4A:68:F7:EC--81,DC:0D:30:59:57:8F--88
1736784755101,66:CC:9A:7E:95:C0--64,7E:DD:EC:57:68:3E--82,3C:C4:C4:A4:2D:29--77,6A:1A:50:2B:30:CA--70,2F:64:7A:BD:7C:94--92,06:FF:54:AD:70:E7--69,D8:1E:06:37:EC:62--77,38:5F:D3:B0:A5:5B--90,31:05:86:D4:CD:19--76,46:9D:44:90:2B:DB--78,4A:4E:4B:80:19:58--79,25:D5:2B:E2:9C:A9--83,2E:23:82:16:32:21--73,5B:0D:5A:9E:32:FF--70,0E:40:3E:EF:6D:2F--72,55:E0:CB:6F:EF:84--71,5A:0B:8B:B0:16:F1--74,D3:81:93:EA:4F:C6--85,68:26:C5:D9:45:12--88,F1:F1:4A:68:F7:EC--81,DC:0D:30:59:57:8F--88
1736784756104
1736784757131
1736784759158
1736784760162
1736784761287
1736784763091
1736784764116
1736784766020
1736784767434
1736784768828
1736784770250
1736784772039
1736784773453
1736784775225
1736784777042
1736784778465
1736784779522
1736784780534
1736784782042
1736784783458
1736784785285
1736784787071
1736784789021
1736784790445
1736784791470
1736784793240
1736784795030
1736784796424
1736784798234
1736784800030
1736784801436
1736784802826
1736784803848
1736784804851
1736784805857
1736784806860
1736784807878
1736784808897,1A:81:D4:73:84:30--88,6A:1A:50:2B:30:CA--85,DC:0D:30:59:57:8F--70,4D:D9:7F:10:43:B1--78,0C:91:47:83:01:60--84,59:30:A7:CE:06:30--84,AC:C0:48:FC:60:8C--88,6A:E6:45:A3:60:E5--81,65:B1:F9:0F:B3:84--86,16:FD:26:F3:EE:EF--70,47:7F:2B:0F:EF:12--82,55:D8:D7:34:6B:A0--77,1E:0C:FD:E0:03:9D--85,18:98:CE:D9:78:D5--80,51:67:28:DC:0F:A5--80,11:EC:35:F9:6C:79--90,2F:64:7A:BD:7C:94--85,5C:97:13:71:86:0A--62,17:6E:B4:88:0D:B5--85
1736784809960,1A:81:D4:73:84:30--88,6A:1A:50:2B:30:CA--85,DC:0D:30:59:57:8F--70,4D:D9:7F:10:43:B1--78,0C:91:47:83:01:60--84,59:30:A7:CE:06:30--84,AC:C0:48:FC:60:8C--88,6A:E6:45:A3:60:E5--81,65:B1:F9:0F:B3:84--86,16:FD:26:F3:EE:EF--70,47:7F:2B:0F:EF:12--82,55:D8:D7:34:6B:A0--77,1E:0C:FD:E0:03:9D--85,18:98:CE:D9:78:D5--80,51:67:28:DC:0F:A5--80,11:EC:35:F9:6C:79--90,2F:64:7A:BD:7C:94--85,5C:97:13:71:86:0A--62,17:6E:B4:88:0D:B5--85
1736784810975,41:F4:1E:D7:03:B2--73,16:FD:26:F3:EE:EF--70,35:F1:CC:D7:DA:E0--87,64:D2:C4:B4:DC:65--70,6A:1A:50:2B:30:CA--80,4B:EB:79:3E:FA:09--76,75:A0:87:55:BF:43--81,7A:86:ED:96:8B:2F--80,10:EE:A9:E7:36:26--84,5D:E1:16:91:3D:5E--76,1A:81:D4:73:84:30--87,18:98:CE:D9:78:D5--82,5E:51:C6:E8:8D:4F--63,46:E5:51:11:92:27--77,0B:7F:6D:A8:2F:64--84,17:6E:B4:88:0D:B5--86,1C:3D:44:84:09:E2--80,4D:D9:7F:10:43:B1--76,4C:91:AD:9D:F6:8B--84,5F:7A:1F:74:31:6D--71,4F:89:DE:EE:81:4A--65,26:8D:14:1E:4C:AA--90,2F:64:7A:BD:7C:94--81,55:D8:D7:34:6B:A0--79,DC:0D:30:59:58:58--66
1736784812009,41:F4:1E:D7:03:B2--73,16:FD:26:F3:EE:EF--70,35:F1:CC:D7:DA:E0--87,64:D2:C4:B4:DC:65--70,6A:1A:50:2B:30:CA--80,4B:EB:79:3E:FA:09--76,75:A0:87:55:BF:43--81,7A:86:ED:96:8B:2F--80,10:EE:A9:E7:36:26--84,5D:E1:16:91:3D:5E--76,1A:81:D4:73:84:30--87,18:98:CE:D9:78:D5--82,5E:51:C6:E8:8D:4F--63,46:E5:51:11:92:27--77,0B:7F:6D:A8:2F:64--84,17:6E:B4:88:0D:B5--86,1C:3D:44:84:09:E2--80,4D:D9:7F:10:43:B1--76,4C:91:AD:9D:F6:8B--84,5F:7A:1F:74:31:6D--71,4F:89:DE:EE:81:4A--65,26:8D:14:1E:4C:AA--90,2F:64:7A:BD:7C:94--81,55:D8:D7:34:6B:A0--79,DC:0D:30:59:58:58--66
1736784814076
1736784816031
1736784817457
1736784818474,38:E2:56:D1:03:96--90,64:D2:C4:B4:DC:65--75,46:E5:51:11:92:27--82,16:FD:26:F3:EE:EF--73,6A:1A:50:2B:30:CA--86,46:9D:44:90:2B:DB--79,D3:81:93:EA:56:46--79,4C:91:AD:9D:F6:8B--82,DC:0D:30:59:58:58--79,5F:7A:1F:74:31:6D--73,25:D5:2B:E2:9C:A9--82,DC:0D:30:59:57:8F--85,65:44:29:C9:F4:57--85
1736784819500,38:E2:56:D1:03:96--90,64:D2:C4:B4:DC:65--75,46:E5:51:11:92:27--82,16:FD:26:F3:EE:EF--73,6A:1A:50:2B:30:CA--86,46:9D:44:90:2B:DB--79,D3:81:93:EA:56:46--79,4C:91:AD:9D:F6:8B--82,DC:0D:30:59:58:58--79,5F:7A:1F:74:31:6D--73,25:D5:2B:E2:9C:A9--82,DC:0D:30:59:57:8F--85,65:44:29:C9:F4:57--85
1736784820521,4C:91:AD:9D:F6:8B--83,16:FD:26:F3:EE:EF--77,44:E2:43:93:3F:97--82,46:E5:51:11:92:27--85,06:17:7E:71:44:71--88,09:DB:01:4B:99:89--90,25:D5:2B:E2:9C:A9--78,78:45:08:10:50:01--90,67:5C:A5:5B:47:D6--85,38:E2:56:D1:03:96--89,33:2A:1D:C6:B3:CC--86,6A:1A:50:2B:30:CA--92
1736784821546,4C:91:AD:9D:F6:8B--83,16:FD:26:F3:EE:EF--77,44:E2:43:93:3F:97--82,46:E5:51:11:92:27--85,06:17:7E:71:44:71--88,09:DB:01:4B:99:89--90,25:D5:2B:E2:9C:A9--78,78:45:08:10:50:01--90,67:5C:A5:5B:47:D6--85,38:E2:56:D1:03:96--89,33:2A:1D:C6:B3:CC--86,6A:1A:50:2B:30:CA--92
1736784823566
1736784824567
1736784825574
1736784826579
1736784827593
1736784829624
1736784831653
1736784832656
1736784833678
1736784834683
1736784835706
1736784836710
1736784837726
1736784838729
1736784839793
1736784840836,41:CF:80:D5:8E:AB--77,16:FD:26:F3:EE:EF--85,5E:E9:CA:89:6D:9B--68,D0:E9:AF:B0:95:C8--79,46:E5:51:11:92:27--91,46:9D:44:90:2B:DB--79,D3:81:93:EA:56:46--71,7A:EC:4C:83:39:FD--66,65:44:29:C9:F4:57--70,6D:95:CD:46:B8:79--84,35:64:3E:F7:EA:8F--81,2E:D2:60:3C:29:37--73,00:0D:14:3D:4D:78--81,39:C5:23:68:AC:59--78,06:17:7E:71:44:71--75
1736784841873,41:CF:80:D5:8E:AB--77,16:FD:26:F3:EE:EF--85,5E:E9:CA:89:6D:9B--68,D0:E9:AF:B0:95:C8--79,46:E5:51:11:92:27--91,46:9D:44:90:2B:DB--79,D3:81:93:EA:56:46--71,7A:EC:4C:83:39:FD--66,65:44:29:C9:F4:57--70,6D:95:CD:46:B8:79--84,35:64:3E:F7:EA:8F--81,2E:D2:60:3C:29:37--73,00:0D:14:3D:4D:78--81,39:C5:23:68:AC:59--78,06:17:7E:71:44:71--75
1736784842882,5A:0B:8B:B0:16:F1--82,44:E2:43:93:3F:97--79,4A:4E:4B:80:19:58--57,06:17:7E:71:44:71--75,D3:81:93:EA:56:46--70,76:8F:63:5F:DE:EC--82,25:D5:2B:E2:9C:A9--63,67:5C:A5:5B:47:D6--72,2F:64:7A:BD:7C:94--69,40:DD:C0:EB:7F:CC--86,66:CC:9A:7E:95:C0--68,26:8D:14:1E:4C:AA--72,54:08:3B:C4:FC:64--70,46:9D:44:90:2B:DB--78,0F:D1:7F:B4:D9:41--86,35:64:3E:F7:EA:8F--86,A8:51:AB:A2:E9:5B--79,7B:A1:C7:73:36:DF--71,2A:CC:06:27:C2:64--73
1736784843901,5A:0B:8B:B0:16:F1--82,44:E2:43:93:3F:97--79,4A:4E:4B:80:19:58--57,06:17:7E:71:44:71--75,D3:81:93:EA:56:46--70,76:8F:63:5F:DE:EC--82,25:D5:2B:E2:9C:A9--63,67:5C:A5:5B:47:D6--72,2F:64:7A:BD:7C:94--69,40:DD:C0:EB:7F:CC--86,66:CC:9A:7E:95:C0--68,26:8D:14:1E:4C:AA--72,54:08:3B:C4:FC:64--70,46:9D:44:90:2B:DB--78,0F:D1:7F:B4:D9:41--86,35:64:3E:F7:EA:8F--86,A8:51:AB:A2:E9:5B--79,7B:A1:C7:73:36:DF--71,2A:CC:06:27:C2:64--73
1736784846329
1736784848138
1736784850038
1736784851455
1736784853298
1736784855084
1736784856501
1736784858286
1736784860079
1736784861478
1736784862898
1736784865079
1736784867019
1736784868021
1736784869427
1736784871213
1736784873032
1736784874481
1736784876300
1736784878111
1736784880026
1736784881477
1736784883292
1736784885103
1736784887016
1736784888046
1736784890332
1736784892085
1736784893504
1736784895381
1736784897168
1736784899016
1736784900403
1736784902014
1736784903410
1736784904417
1736784906218
1736784908019
1736784909405
1736784911202
1736784912632
1736784914081
1736784916027
1736784917454
1736784919262
1736784921049
1736784922110
1736784923113
1736784925264
1736784926267
1736784927272
1736784928296
1736784930325
1736784932355
1736784934421
1736784935441,1A:D9:04:84:5C:A0--89,D3:81:93:EA:56:46--82,49:5E:B5:46:2C:49--80,31:05:86:D4:CD:19--80,64:D2:C4:B4:DC:65--70,6C:E9:2E:F7:5A:C3--73,6A:1A:50:2B:30:CA--73,10:EE:A9:E7:36:26--83,17:6E:B4:88:0D:B5--76,2F:28:4D:A4:7F:4D--77,46:E5:51:11:92:27--84,59:3D:C1:FA:66:28--76,0E:40:3E:EF:6D:2F--76,57:23:8C:67:61:37--78,4C:91:AD:9D:F6:8B--84,F9:DF:FE:F8:93:8A--75,41:F4:1E:D7:03:B2--76
1736784936502,1A:D9:04:84:5C:A0--89,D3:81:93:EA:56:46--82,49:5E:B5:46:2C:49--80,31:05:86:D4:CD:19--80,64:D2:C4:B4:DC:65--70,6C:E9:2E:F7:5A:C3--73,6A:1A:50:2B:30:CA--73,10:EE:A9:E7:36:26--83,17:6E:B4:88:0D:B5--76,2F:28:4D:A4:7F:4D--77,46:E5:51:11:92:27--84,59:3D:C1:FA:66:28--76,0E:40:3E:EF:6D:2F--76,57:23:8C:67:61:37--78,4C:91:AD:9D:F6:8B--84,F9:DF:FE:F8:93:8A--75,41:F4:1E:D7:03:B2--76
1736784937512,7B:A1:C7:73:36:DF--82,63:FA:ED:65:6F:EB--81,B8:AB:62:BD:80:17--91,46:A3:8C:74:63:E9--70,3C:C4:C4:A4:2D:29--79,31:05:86:D4:CD:19--75,DC:0D:30:59:58:58--75,46:E5:51:11:92:27--89,6A:1A:50:2B:30:CA--81,0E:40:3E:EF:6D:2F--76,41:F4:1E:D7:03:B2--70,F8:6F:FA:AC:FE:6F--85,16:FD:26:F3:EE:EF--73,06:FF:54:AD:70:E7--76,71:50:11:F3:CC:71--85
1736784938536,7B:A1:C7:73:36:DF--82,63:FA:ED:65:6F:EB--81,B8:AB:62:BD:80:17--91,46:A3:8C:74:63:E9--70,3C:C4:C4:A4:2D:29--79,31:05:86:D4:CD:19--75,DC:0D:30:59:58:58--75,46:E5:51:11:92:27--89,6A:1A:50:2B:30:CA--81,0E:40:3E:EF:6D:2F--76,41:F4:1E:D7:03:B2--70,F8:6F:FA:AC:FE:6F--85,16:FD:26:F3:EE:EF--73,06:FF:54:AD:70:E7--76,71:50:11:F3:CC:71--85
1736784940593
1736784943030,31:05:86:D4:CD:19--82,1A:D9:04:84:5C:A0--79,25:D5:2B:E2:9C:A9--77,3C:C4:C4:A4:2D:29--72,2C:B5:A2:10:0E:83--76,2F:28:4D:A4:7F:4D--77
1736784944050,25:D5:2B:E2:9C:A9--80,6A:1A:50:2B:30:CA--79,05:D9:57:88:28:17--85,4A:4E:4B:80:19:58--68,32:5C:7A:78:F5:F9--73
1736784945055,25:D5:2B:E2:9C:A9--80,6A:1A:50:2B:30:CA--79,05:D9:57:88:28:17--85,4A:4E:4B:80:19:58--68,32:5C:7A:78:F5:F9--73
1736784947151
1736784948192
1736784949529
1736784951247
1736784953023
1736784954361
1736784956024
1736784957355
1736784959031
1736784960339
1736784962035
1736784963337
1736784964346
1736784965349
1736784967038
1736784968343
1736784970024
1736784971328
1736784972631
1736784974231
1736784976238,2C:B5:A2:10:0E:83--83,57:23:8C:67:61:37--65,20:B8:5A:5D:3E:89--84,61:2D:88:9A:31:98--86,FA:5A:66:12:BF:4B--84,7E:B3:E0:ED:89:9B--71
1736784977345,2C:B5:A2:10:0E:83--83,57:23:8C:67:61:37--65,20:B8:5A:5D:3E:89--84,61:2D:88:9A:31:98--86,FA:5A:66:12:BF:4B--84,7E:B3:E0:ED:89:9B--71
1736784978349
1736784980353
1736784982357
1736784984580
1736784986048
1736784987278
1736784988502
1736784990019
1736784991259
1736784992462
1736784993689
1736784995091
1736784996308
1736784997510
1736784998563
1736785000024
1736785001240
1736785002430
1736785003661
1736785005037
1736785006259
1736785007462
1736785008683
1736785010031
1736785011195
1736785012334
1736785013356
1736785015376
1736785016498
1736785017514
1736785019656
1736785021018
1736785022175
1736785023305
1736785024440
1736785025547
1736785026570
1736785027690
1736785029033
1736785030167
1736785031324
1736785032459
1736785033588
1736785034692
1736785036040
1736785037049,53:30:63:1D:4C:7F--76,8C:EA:48:09:6F:E7--82,57:23:8C:67:61:37--79,7B:8A:BF:5E:8C:C8--70,4A:F2:AA:56:D1:95--84,4E:AA:98:A9:43:62--82,7D:63:04:33:54:5B--78,3D:EC:1E:77:1A:77--79,65:44:29:C9:F4:57--78,52:C2:E8:C6:46:94--76,69:B8:84:43:D2:61--82,77:E4:E9:76:67:30--88,50:EA:62:7D:D1:74--88
1736785038057,53:30:63:1D:4C:7F--76,8C:EA:48:09:6F:E7--82,57:23:8C:67:61:37--79,7B:8A:BF:5E:8C:C8--70,4A:F2:AA:56:D1:95--84,4E:AA:98:A9:43:62--82,7D:63:04:33:54:5B--78,3D:EC:1E:77:1A:77--79,65:44:29:C9:F4:57--78,52:C2:E8:C6:46:94--76,69:B8:84:43:D2:61--82,77:E4:E9:76:67:30--88,50:EA:62:7D:D1:74--88
1736785039076
1736785040198
1736785041313
1736785042406
1736785044448
1736785045450
1736785046455
1736785047458
1736785048483
1736785049486
1736785050566
1736785051569
1736785052594
1736785053596
1736785054669
1736785055675
1736785056697
1736785057702
1736785058708
1736785060734
1736785061759,67:5C:A5:5B:47:D6--63,4F:89:DE:EE:81:4A--76,4A:DE:AB:55:09:44--79,46:A3:8C:74:63:E9--87,65:5A:74:11:92:C6--78,0A:1C:B8:DB:15:BC--74,56:24:D7:E1:65:30--66,65:44:29:C9:F4:57--75,64:B3:2D:ED:0F:96--77,30:E8:B2:FF:BD:59--75,5E:E9:CA:89:6D:9B--76,C6:91:C5:64:8A:85--74,25:D5:2B:E2:9C:A9--66
1736785062825,67:5C:A5:5B:47:D6--63,4F:89:DE:EE:81:4A--76,4A:DE:AB:55:09:44--79,46:A3:8C:74:63:E9--87,65:5A:74:11:92:C6--78,0A:1C:B8:DB:15:BC--74,56:24:D7:E1:65:30--66,65:44:29:C9:F4:57--75,64:B3:2D:ED:0F:96--77,30:E8:B2:FF:BD:59--75,5E:E9:CA:89:6D:9B--76,C6:91:C5:64:8A:85--74,25:D5:2B:E2:9C:A9--66
1736785063840,0A:1C:B8:DB:15:BC--88,31:FE:94:E4:82:05--90,FC:8F:90:3B:16:9F--86,44:E2:43:93:3F:97--73,DF:DE:36:5C:F6:9F--84,41:F4:1E:D7:03:B2--64,7E:12:A7:49:CB:14--91,66:7D:0D:6C:BB:B3--90,56:24:D7:E1:65:30--78,FE:9E:E8:55:CF:74--83,65:5A:74:11:92:C6--71,54:08:3B:C4:FC:64--66,65:44:29:C9:F4:57--82
1736785064846,0A:1C:B8:DB:15:BC--88,31:FE:94:E4:82:05--90,FC:8F:90:3B:16:9F--86,44:E2:43:93:3F:97--73,DF:DE:36:5C:F6:9F--84,41:F4:1E:D7:03:B2--64,7E:12:A7:49:CB:14--91,66:7D:0D:6C:BB:B3--90,56:24:D7:E1:65:30--78,FE:9E:E8:55:CF:74--83,65:5A:74:11:92:C6--71,54:08:3B:C4:FC:64--66,65:44:29:C9:F4:57--82
1736785065852
1736785066912
1736785067940,46:A3:8C:74:63:E9--88,71:50:11:F3:CC:71--88,4A:4E:4B:80:19:58--74,7A:EC:4C:83:39:FD--77,AC:BF:71:D1:F0:FB--76,5E:E9:CA:89:6D:9B--76,64:B3:2D:ED:0F:96--73,5C:E6:85:2A:05:34--94,44:E2:43:93:3F:97--76,0A:1C:B8:DB:15:BC--83,49:5E:B5:46:2C:49--73,65:44:29:C9:F4:57--70,7A:86:ED:96:8B:2F--79,FC:8F:90:3B:16:9F--92,8C:EA:48:09:92:DB--93,4A:DE:AB:55:09:44--87,48:8C:9F:C6:55:46--76
1736785068957,46:A3:8C:74:63:E9--88,71:50:11:F3:CC:71--88,4A:4E:4B:80:19:58--74,7A:EC:4C:83:39:FD--77,AC:BF:71:D1:F0:FB--76,5E:E9:CA:89:6D:9B--76,64:B3:2D:ED:0F:96--73,5C:E6:85:2A:05:34--94,44:E2:43:93:3F:97--76,0A:1C:B8:DB:15:BC--83,49:5E:B5:46:2C:49--73,65:44:29:C9:F4:57--70,7A:86:ED:96:8B:2F--79,FC:8F:90:3B:16:9F--92,8C:EA:48:09:92:DB--93,4A:DE:AB:55:09:44--87,48:8C:9F:C6:55:46--76
1736785070007,6D:6A:F5:37:7C:0F--86,C0:96:6C:F3:67:06--86,1D:11:1D:C7:4D:70--88,48:7A:6F:38:93:99--80,65:5A:74:11:92:C6--87,5C:E6:85:2A:05:34--81,56:24:D7:E1:65:30--86,54:08:3B:C4:FC:64--61,49:5E:B5:46:2C:49--75,44:E2:43:93:3F:97--75,76:9E:62:7F:4C:48--88,66:7D:0D:6C:BB:B3--79,5E:51:C6:E8:8D:4F--85,78:8A:F2:E9:A2:45--65,5A:0B:8B:B0:16:F1--77,C2:0F:8A:96:AF:1E--76,4A:DE:AB:55:09:44--72,E7:97:7E:48:E3:F1--64,67:5C:A5:5B:47:D6--73,FC:8F:90:3B:16:9F--88
1736785071070,6D:6A:F5:37:7C:0F--86,C0:96:6C:F3:67:06--86,1D:11:1D:C7:4D:70--88,48:7A:6F:38:93:99--80,65:5A:74:11:92:C6--87,5C:E6:85:2A:05:34--81,56:24:D7:E1:65:30--86,54:08:3B:C4:FC:64--61,49:5E:B5:46:2C:49--75,44:E2:43:93:3F:97--75,76:9E:62:7F:4C:48--88,66:7D:0D:6C:BB:B3--79,5E:51:C6:E8:8D:4F--85,78:8A:F2:E9:A2:45--65,5A:0B:8B:B0:16:F1--77,C2:0F:8A:96:AF:1E--76,4A:DE:AB:55:09:44--72,E7:97:7E:48:E3:F1--64,67:5C:A5:5B:47:D6--73,FC:8F:90:3B:16:9F--88
1736785072086,78:8A:F2:E9:A2:45--67,FC:C5:4D:0E:A5:5E--71,5A:0B:8B:B0:16:F1--73,4A:DE:AB:55:09:44--66,71:50:11:F3:CC:71--76,67:5C:A5:5B:47:D6--56,56:24:D7:E1:65:30--76,D9:46:BF:D4:35:F5--62,57:23:8C:67:61:37--81,44:E2:43:93:3F:97--76,E4:0C:34:70:C8:94--68,7B:A1:C7:73:36:DF--85,8C:EA:48:09:6F:E7--86,4F:89:DE:EE:81:4A--74,5E:51:C6:E8:8D:4F--66
1736785073115,78:8A:F2:E9:A2:45--67,FC:C5:4D:0E:A5:5E--71,5A:0B:8B:B0:16:F1--73,4A:DE:AB:55:09:44--66,71:50:11:F3:CC:71--76,67:5C:A5:5B:47:D6--56,56:24:D7:E1:65:30--76,D9:46:BF:D4:35:F5--62,57:23:8C:67:61:37--81,44:E2:43:93:3F:97--76,E4:0C:34:70:C8:94--68,7B:A1:C7:73:36:DF--85,8C:EA:48:09:6F:E7--86,4F:89:DE:EE:81:4A--74,5E:51:C6:E8:8D:4F--66
1736785074119
1736785075147
1736785076150
1736785077164
1736785079196
1736785080199
1736785082024
1736785083027
1736785084054
1736785085056
1736785086474
1736785088018
1736785089434
1736785091223
1736785093034
1736785094444
1736785095861
1736785096911,E4:FB:F9:0E:ED:65--55,4A:4E:4B:80:19:58--52,67:5C:A5:5B:47:D6--76,38:FE:77:25:E6:AC--88,46:A3:8C:74:63:E9--88,65:DE:8D:78:06:F4--78,F7:1A:46:0D:CA:51--77,19:00:73:7F:24:5A--87,8C:EA:48:09:92:DB--89,72:6C:B2:1E:EE:4A--85,65:82:53:E1:BA:CA--88
1736785097970,E4:FB:F9:0E:ED:65--55,4A:4E:4B:80:19:58--52,67:5C:A5:5B:47:D6--76,38:FE:77:25:E6:AC--88,46:A3:8C:74:63:E9--88,65:DE:8D:78:06:F4--78,F7:1A:46:0D:CA:51--77,19:00:73:7F:24:5A--87,8C:EA:48:09:92:DB--89,72:6C:B2:1E:EE:4A--85,65:82:53:E1:BA:CA--88
1736785099018,65:DE:8D:78:06:F4--73,67:5C:A5:5B:47:D6--82,76:9E:62:7F:4C:48--91,5C:97:13:71:86:0A--75,7A:86:ED:96:8B:2F--78,48:8C:9F:C6:55:46--71,41:F4:1E:D7:03:B2--89,5D:E1:16:91:3D:5E--76,63:FA:ED:65:6F:EB--82,0A:1C:B8:DB:15:BC--81,66:CC:9A:7E:95:C0--71,1B:E3:9A:77:D6:69--93,4A:DE:AB:55:09:44--81,5E:E9:CA:89:6D:9B--79,7E:12:A7:49:CB:14--93
1736785100036,65:DE:8D:78:06:F4--73,67:5C:A5:5B:47:D6--82,76:9E:62:7F:4C:48--91,5C:97:13:71:86:0A--75,7A:86:ED:96:8B:2F--78,48:8C:9F:C6:55:46--71,41:F4:1E:D7:03:B2--89,5D:E1:16:91:3D:5E--76,63:FA:ED:65:6F:EB--82,0A:1C:B8:DB:15:BC--81,66:CC:9A:7E:95:C0--71,1B:E3:9A:77:D6:69--93,4A:DE:AB:55:09:44--81,5E:E9:CA:89:6D:9B--79,7E:12:A7:49:CB:14--93
1736785101065,6D:3E:75:CF:0A:90--72,63:FA:ED:65:6F:EB--76,4A:4E:4B:80:19:58--53,66:CC:9A:7E:95:C0--71,57:23:8C:67:61:37--78,5D:E1:16:91:3D:5E--80
1736785102486,6D:3E:75:CF:0A:90--72,63:FA:ED:65:6F:EB--76,4A:4E:4B:80:19:58--53,66:CC:9A:7E:95:C0--71,57:23:8C:67:61:37--78,5D:E1:16:91:3D:5E--80
1736785104277
1736785106050
1736785107432
1736785109240
1736785111020
1736785112436
1736785114230
1736785115254
1736785117043
1736785118456
1736785119459
1736785120467
1736785122153
1736785124045
1736785125479
1736785127321
1736785129078
1736785131022
1736785132448
1736785134273
1736785136046
1736785137488
1736785139261
1736785141076
1736785142468
1736785144277
1736785146066
1736785147460
1736785149234
1736785151031
1736785152421
1736785154217
1736785156043
1736785157476
1736785159300
1736785161092
1736785162558
1736785163584
1736785164586
1736785166123
1736785167134,51:00:8A:E2:4D:B5--79,49:99:65:EC:EA:96--77,3A:62:A1:CD:F4:F9--88,34:77:30:5F:41:D5--72,01:D2:5C:1D:65:61--72,59:C1:13:0E:A9:A1--82,08:94:F6:CA:7E:2A--81,21:3C:8F:46:3A:70--88,11:53:60:39:67:BC--72,67:7B:A8:26:19:A0--73,D1:09:61:F7:BD:83--81
1736785168204,51:00:8A:E2:4D:B5--79,49:99:65:EC:EA:96--77,3A:62:A1:CD:F4:F9--88,34:77:30:5F:41:D5--72,01:D2:5C:1D:65:61--72,59:C1:13:0E:A9:A1--82,08:94:F6:CA:7E:2A--81,21:3C:8F:46:3A:70--88,11:53:60:39:67:BC--72,67:7B:A8:26:19:A0--73,D1:09:61:F7:BD:83--81
1736785169268,20:5E:1A:60:43:2D--82,11:53:60:39:67:BC--76,2F:7C:95:14:14:F9--67,67:7B:A8:26:19:A0--79,34:AD:B3:02:F0:5B--84,49:99:65:EC:EA:96--70,5C:04:3E:EB:15:B0--89,29:07:94:D4:39:56--76,02:3B:CD:DD:14:25--76,6C:EA:C7:01:C7:7A--82,3E:0F:B9:F2:17:3A--85,41:F4:1E:D7:03:B2--81,55:D8:D7:34:6B:A0--63,C7:75:AB:1D:6A:DE--75,70:94:F6:3D:4B:46--82,C4:5F:60:62:84:8A--82,80:C3:BA:66:E7:C6--78,57:23:8C:67:61:37--70,C8:52:39:76:BA:39--85,04:6D:FA:38:9F:3C--83,38:18:4C:BE:CC:4F--84,5E:51:C6:E8:8D:4F--73
1736785170283,20:5E:1A:60:43:2D--82,11:53:60:39:67:BC--76,2F:7C:95:14:14:F9--67,67:7B:A8:26:19:A0--79,34:AD:B3:02:F0:5B--84,49:99:65:EC:EA:96--70,5C:04:3E:EB:15:B0--89,29:07:94:D4:39:56--76,02:3B:CD:DD:14:25--76,6C:EA:C7:01:C7:7A--82,3E:0F:B9:F2:17:3A--85,41:F4:1E:D7:03:B2--81,55:D8:D7:34:6B:A0--63,C7:75:AB:1D:6A:DE--75,70:94:F6:3D:4B:46--82,C4:5F:60:62:84:8A--82,80:C3:BA:66:E7:C6--78,57:23:8C:67:61:37--70,C8:52:39:76:BA:39--85,04:6D:FA:38:9F:3C--83,38:18:4C:BE:CC:4F--84,5E:51:C6:E8:8D:4F--73
1736785172289
1736785173291
1736785174371
1736785175443
1736785177254
1736785179043
1736785180458
1736785182249
1736785184039
1736785185432
1736785187270
1736785189065
1736785190503
1736785192313
1736785194140
1736785196024
1736785197467
1736785199291,4A:DE:AB:55:09:44--89,67:7B:A8:26:19:A0--73,59:C1:13:0E:A9:A1--82,EF:D4:97:1E:7D:13--79
1736785200321,4A:DE:AB:55:09:44--89,67:7B:A8:26:19:A0--73,59:C1:13:0E:A9:A1--82,EF:D4:97:1E:7D:13--79
1736785201351,09:1A:A2:28:5B:A5--73,66:CC:9A:7E:95:C0--60,3E:0F:B9:F2:17:3A--73
1736785203044,09:1A:A2:28:5B:A5--73,66:CC:9A:7E:95:C0--60,3E:0F:B9:F2:17:3A--73
1736785204428
1736785206237
1736785208029
1736785209446
1736785211201
1736785213032
1736785214425
1736785216228
1736785218024
1736785219466
1736785221290
1736785223103
1736785224492
1736785226261
1736785228049
1736785229465
1736785231150
1736785232540
1736785234241
1736785236030
1736785237325
1736785239033
1736785240338
1736785242032
1736785243333
1736785244621
1736785246155
1736785247422
1736785248704
1736785249751
1736785251149
1736785252433
1736785254015
1736785255281
1736785256537,49:2D:45:8F:B3:C0--78,3D:05:D6:74:AF:4B--85,6C:E9:2E:F7:5A:C3--73,42:E8:18:C5:93:CD--86,3E:BC:19:FF:59:45--69,0C:EC:80:DB:55:1A--75,5E:6E:A5:77:DD:D3--79,34:77:30:5F:41:D5--71,2F:7C:95:14:14:F9--73,38:5B:44:BA:40:01--82
1736785257569,49:2D:45:8F:B3:C0--78,3D:05:D6:74:AF:4B--85,6C:E9:2E:F7:5A:C3--73,42:E8:18:C5:93:CD--86,3E:BC:19:FF:59:45--69,0C:EC:80:DB:55:1A--75,5E:6E:A5:77:DD:D3--79,34:77:30:5F:41:D5--71,2F:7C:95:14:14:F9--73,38:5B:44:BA:40:01--82
1736785258590
1736785259642
1736785261035
1736785262284
1736785263513
1736785265041
1736785266279
1736785267506
1736785269017
1736785270238
1736785271444
1736785272667
1736785274031
1736785275047
1736785276235
1736785277259
1736785279290
1736785280293
1736785281344
1736785282381
1736785283407
1736785285548
1736785286564,1A:BA:9B:FE:70:3B--89,30:6E:66:78:9F:20--70,66:CC:9A:7E:95:C0--78,15:0B:6F:C9:1F:F7--85,26:D2:13:DB:88:27--89,E4:0C:34:70:C8:94--65,33:A6:17:BD:FF:30--91
1736785287621,1A:BA:9B:FE:70:3B--89,30:6E:66:78:9F:20--70,66:CC:9A:7E:95:C0--78,15:0B:6F:C9:1F:F7--85,26:D2:13:DB:88:27--89,E4:0C:34:70:C8:94--65,33:A6:17:BD:FF:30--91
1736785288642,1B:AD:79:1E:E3:3D--77,34:77:30:5F:41:D5--71,48:8C:9F:C6:55:46--87,66:CC:9A:7E:95:C0--75,1A:BA:9B:FE:70:3B--90,30:6E:66:78:9F:20--80,F9:5D:E5:A5:58:C6--73
1736785289673,1B:AD:79:1E:E3:3D--77,34:77:30:5F:41:D5--71,48:8C:9F:C6:55:46--87,66:CC:9A:7E:95:C0--75,1A:BA:9B:FE:70:3B--90,30:6E:66:78:9F:20--80,F9:5D:E5:A5:58:C6--73
1736785290721,72:6C:B2:1E:EE:4A--93,46:3B:80:E5:26:04--44,30:6E:66:78:9F:20--84,33:A6:17:BD:FF:30--89,C1:E5:50:3C:E9:90--91,06:F8:65:4A:24:72--86,1B:AD:79:1E:E3:3D--80,66:CC:9A:7E:95:C0--73,26:D2:13:DB:88:27--88
1736785291731,72:6C:B2:1E:EE:4A--93,46:3B:80:E5:26:04--44,30:6E:66:78:9F:20--84,33:A6:17:BD:FF:30--89,C1:E5:50:3C:E9:90--91,06:F8:65:4A:24:72--86,1B:AD:79:1E:E3:3D--80,66:CC:9A:7E:95:C0--73,26:D2:13:DB:88:27--88
1736785293742
1736785294745
1736785295798
1736785296847,01:D2:5C:1D:65:61--88,AC:C0:48:FC:60:8C--86,30:6E:66:78:9F:20--80,34:66:AD:4F:8C:60--81,57:23:8C:67:61:37--82,49:5E:B5:46:2C:49--84,5E:51:C6:E8:8D:4F--67,0A:C8:8C:95:F2:FD--90,0D:8A:7E:A2:06:75--90
1736785297877,01:D2:5C:1D:65:61--88,AC:C0:48:FC:60:8C--86,30:6E:66:78:9F:20--80,34:66:AD:4F:8C:60--81,57:23:8C:67:61:37--82,49:5E:B5:46:2C:49--84,5E:51:C6:E8:8D:4F--67,0A:C8:8C:95:F2:FD--90,0D:8A:7E:A2:06:75--90
1736785299903
1736785301928
1736785303062
1736785304229
1736785305369
1736785306531
1736785307670
1736785308793
1736785310019
1736785311115
1736785312231
1736785313387
1736785314528
1736785315690
1736785317037
1736785318150
1736785319183
1736785320222
1736785321246
1736785322256
1736785324349
1736785325426
1736785326528
1736785327638
1736785328731
1736785329800
1736785331038
1736785332073
1736785333135
1736785334180
1736785335205
1736785337233
1736785338235
1736785339262
1736785341287
1736785342322
1736785343385
1736785344423
1736785345477
1736785346600
1736785347622
1736785348633
1736785349678
1736785351117
1736785352151
1736785353181
1736785355028
1736785356422
1736785358235
1736785360103
1736785362027
1736785363426
1736785365228
1736785367027
1736785368421
1736785370208
1736785372032
1736785373425
1736785375236
1736785378038
1736785379065
1736785380498
1736785382295
1736785384125
1736785386030
1736785387458
1736785389267
1736785391045
1736785392452
1736785394252
1736785396036
1736785397447
1736785398844
1736785399850
1736785400852
1736785401870
1736785403879
1736785405894
1736785406898
1736785407923
1736785408929
1736785409982
1736785411327
1736785413093
1736785415033
1736785416086
1736785418028
1736785419467
1736785421272
1736785423058
1736785424482
1736785426289
1736785428077
1736785429487
1736785431023
1736785432435
1736785434188
1736785436028
1736785437418
1736785438836
1736785441056
1736785442483
1736785444314
1736785446128
1736785448039
1736785449465
1736785451049
1736785452476
1736785454319
1736785456135
1736785458033
1736785459445
1736785461240
1736785463022
1736785464437
1736785466226
1736785468027
1736785469424
1736785471261
1736785473050
1736785474499
1736785476036
1736785477446
1736785479237
1736785481040
1736785482450
1736785484218
1736785486037
1736785487449
1736785489164
1736785490518
1736785492177
1736785493502
1736785495022
1736785496371
1736785498019
1736785499045
1736785500048
1736785501295
1736785502625
1736785504150
1736785505425
1736785507039
1736785508344
1736785509527
1736785511027
1736785512078
1736785513361
1736785514648
1736785516133
1736785517375
1736785518611
1736785520094
1736785521350
1736785522574
1736785524593
1736785526021
1736785527240
1736785528443
1736785529665
1736785531021
1736785532059
1736785533265
1736785534451
1736785535617
1736785537023
1736785538193
1736785539418
1736785540623
1736785542024
1736785543166
1736785544356
1736785545523
1736785546713
1736785548035
1736785549190
1736785550194
1736785551361
1736785552398
1736785553536
1736785554643
1736785555766
1736785557024
1736785558138
1736785559141
1736785560148
1736785561201
1736785562360
1736785563474
1736785564554
1736785565647
1736785566740
1736785567743
1736785570018
1736785571071
1736785572106
1736785573131
1736785574134
1736785575187
1736785576224
1736785577299
1736785578404
1736785579467
1736785580488
1736785581575
1736785582648
1736785583716
1736785584737
1736785585818
1736785587024
1736785588074
1736785589120
1736785590184
1736785591225
1736785592284
1736785593328
1736785594420
1736785595497
1736785596590
1736785597624
1736785598631
1736785600045
1736785601052
1736785603502
1736785605043
1736785606081
1736785607109
1736785609038
1736785610444
1736785612250
1736785614038
1736785615052
1736785616454
1736785618253
1736785620267
1736785621271
1736785623090
1736785624467
1736785625493
1736785626521,18:FA:E2:20:B9:08--76,C6:18:68:79:CC:FB--91,43:C3:BD:AF:C8:DA--76,66:CC:9A:7E:95:C0--76,4A:4E:4B:80:19:58--78,44:74:CF:4D:5F:D6--85,E1:A4:3D:F5:D7:69--89,48:7D:75:94:4D:46--76,12:9C:D9:7C:0B:E2--91,70:BE:4C:C0:E2:F1--79,49:1B:F9:E2:38:63--74,19:EB:F4:E6:76:F6--85,4F:89:DE:EE:81:4A--82,65:DE:8D:78:06:F4--78,29:AB:77:1D:67:6B--85,6A:7A:80:C4:9F:98--90,21:FB:6A:8E:C6:C6--74,60:42:58:02:97:7E--70,0C:73:A7:8C:20:97--77,CE:50:6C:D2:96:E9--85
1736785627539,18:FA:E2:20:B9:08--76,C6:18:68:79:CC:FB--91,43:C3:BD:AF:C8:DA--76,66:CC:9A:7E:95:C0--76,4A:4E:4B:80:19:58--78,44:74:CF:4D:5F:D6--85,E1:A4:3D:F5:D7:69--89,48:7D:75:94:4D:46--76,12:9C:D9:7C:0B:E2--91,70:BE:4C:C0:E2:F1--79,49:1B:F9:E2:38:63--74,19:EB:F4:E6:76:F6--85,4F:89:DE:EE:81:4A--82,65:DE:8D:78:06:F4--78,29:AB:77:1D:67:6B--85,6A:7A:80:C4:9F:98--90,21:FB:6A:8E:C6:C6--74,60:42:58:02:97:7E--70,0C:73:A7:8C:20:97--77,CE:50:6C:D2:96:E9--85
1736785629555
1736785631078
1736785632497
1736785634276
1736785636043
1736785637077
1736785638506
1736785640317
1736785642114
1736785643150
1736785644159
1736785645194
1736785647022
1736785648400
1736785650207
1736785652023
1736785653444
1736785654841
1736785656269
1736785658050
1736785659465
1736785661222
1736785663033
1736785664426
1736785666259
1736785668056
1736785669109
1736785671031
1736785672473
1736785674289
1736785675707
1736785676721,60:8B:7C:ED:28:37--67,10:57:E4:5F:30:C2--86,67:5C:A5:5B:47:D6--64,04:6D:FA:38:9F:3C--81,6E:F9:5E:82:BA:18--84,5C:45:B3:6F:D8:96--83,46:9D:44:90:2B:DB--76,36:3B:25:13:40:48--78,48:47:0E:60:4B:DD--83,02:3B:CD:DD:14:25--87,11:16:C5:0A:F5:5E--78,5C:97:13:71:86:0A--76,55:D8:D7:34:6B:A0--70,60:42:58:02:97:7E--64,22:1F:7B:5E:8A:0C--76,6E:95:70:1F:1E:F1--87,57:23:8C:67:61:37--88,38:5B:44:BA:40:01--80,08:94:F6:CA:7E:2A--78,42:83:13:6C:69:F3--82,65:5A:74:11:92:C6--73,51:A1:95:AD:55:89--63,0A:01:49:48:47:84--88,06:54:E2:18:BE:2C--74
1736785677732,60:8B:7C:ED:28:37--67,10:57:E4:5F:30:C2--86,67:5C:A5:5B:47:D6--64,04:6D:FA:38:9F:3C--81,6E:F9:5E:82:BA:18--84,5C:45:B3:6F:D8:96--83,46:9D:44:90:2B:DB--76,36:3B:25:13:40:48--78,48:47:0E:60:4B:DD--83,02:3B:CD:DD:14:25--87,11:16:C5:0A:F5:5E--78,5C:97:13:71:86:0A--76,55:D8:D7:34:6B:A0--70,60:42:58:02:97:7E--64,22:1F:7B:5E:8A:0C--76,6E:95:70:1F:1E:F1--87,57:23:8C:67:61:37--88,38:5B:44:BA:40:01--80,08:94:F6:CA:7E:2A--78,42:83:13:6C:69:F3--82,65:5A:74:11:92:C6--73,51:A1:95:AD:55:89--63,0A:01:49:48:47:84--88,06:54:E2:18:BE:2C--74
1736785679744
1736785681153
1736785682560
1736785683563
1736785684586
1736785686041
1736785687466
1736785689296
1736785691093
1736785692488
1736785694291
1736785696065
1736785697498
1736785699304
1736785700345
1736785702191
1736785704037
1736785705435
1736785707248
1736785709041
1736785710439
1736785712240
1736785714031
1736785715424
1736785717228
1736785719022
1736785720443
1736785722255
1736785724041
1736785725440
1736785727240
1736785729019
1736785730436
1736785732248
1736785734038
1736785735459
1736785737045
1736785738461
1736785739501
1736785740540
1736785742170
1736785744022
1736785745036
1736785746409
1736785748149
1736785749512
1736785751223
1736785753024
1736785754375
1736785756023
1736785757032
1736785758327
1736785760034
1736785761328
1736785762688
1736785763723
1736785765036
1736785766370,C9:FF:78:BB:F6:BB--88,3D:EC:1E:77:1A:77--83,E2:C0:F7:E9:6B:99--82,FC:8F:90:3B:16:9F--63,ED:53:B1:4A:6E:F0--82,70:9A:6F:AE:47:70--76,6F:75:2C:12:F6:66--87,22:69:06:84:E4:A0--72,70:D4:F3:02:38:63--70,2D:72:80:A5:29:7A--85,2C:8A:DA:3B:45:D8--75,2B:BB:A0:E8:D0:2D--84
1736785767392,C9:FF:78:BB:F6:BB--88,3D:EC:1E:77:1A:77--83,E2:C0:F7:E9:6B:99--82,FC:8F:90:3B:16:9F--63,ED:53:B1:4A:6E:F0--82,70:9A:6F:AE:47:70--76,6F:75:2C:12:F6:66--87,22:69:06:84:E4:A0--72,70:D4:F3:02:38:63--70,2D:72:80:A5:29:7A--85,2C:8A:DA:3B:45:D8--75,2B:BB:A0:E8:D0:2D--84
1736785768434,6D:CB:BF:4E:96:CB--84,3D:EC:1E:77:1A:77--87,77:29:FF:B4:C2:94--81,2D:72:80:A5:29:7A--76,7A:24:7F:21:54:BE--82,22:69:06:84:E4:A0--84,1D:11:1D:C7:4D:70--87,3C:CA:94:6C:A6:54--82,E4:0C:34:70:C8:94--76,65:99:65:35:9F:8A--81,39:3B:B7:A8:22:6D--82,65:5A:74:11:92:C6--84,70:D4:F3:02:38:63--86,38:01:95:CA:D7:15--73,22:85:3C:E7:D0:A1--88,7E:97:F2:74:EB:08--64,01:81:C1:3C:21:9A--87,5A:39:B9:96:A5:3B--90,DC:7A:1D:3E:63:89--88,67:5C:A5:5B:47:D6--69,52:15:42:72:84:01--88,E0:DF:98:16:0C:75--86
1736785769447,6D:CB:BF:4E:96:CB--84,3D:EC:1E:77:1A:77--87,77:29:FF:B4:C2:94--81,2D:72:80:A5:29:7A--76,7A:24:7F:21:54:BE--82,22:69:06:84:E4:A0--84,1D:11:1D:C7:4D:70--87,3C:CA:94:6C:A6:54--82,E4:0C:34:70:C8:94--76,65:99:65:35:9F:8A--81,39:3B:B7:A8:22:6D--82,65:5A:74:11:92:C6--84,70:D4:F3:02:38:63--86,38:01:95:CA:D7:15--73,22:85:3C:E7:D0:A1--88,7E:97:F2:74:EB:08--64,01:81:C1:3C:21:9A--87,5A:39:B9:96:A5:3B--90,DC:7A:1D:3E:63:89--88,67:5C:A5:5B:47:D6--69,52:15:42:72:84:01--88,E0:DF:98:16:0C:75--86
1736785770710
1736785772058
1736785773367
1736785774649
1736785776158
1736785777179
1736785778419
1736785780020
1736785781021
1736785782088
1736785783256
1736785784322
1736785785545
1736785787024
1736785788230
1736785789456
1736785790656
1736785792065
1736785793261
1736785794487
1736785795692
1736785796875
1736785798056
1736785799114
1736785800151
1736785801176
1736785802181
1736785803237
1736785804258
1736785805367
1736785806532
1736785807724
1736785809061
1736785810222
1736785811359
1736785812550
1736785813726
1736785815026
1736785816164
1736785817331
1736785818440
1736785819595
1736785820702
1736785821725
1736785823019
1736785824140
1736785825246
1736785826401
1736785827540
1736785828698
1736785830032
1736785831144
1736785832254
1736785833304
1736785834412
1736785835521
1736785836588
1736785837687
1736785838764
1736785840034
1736785841105
1736785842194
1736785843263
1736785844363
1736785845475
1736785846557
1736785847597
1736785848662
1736785850690
1736785852711
1736785854730
1736785855732
1736785856770
1736785857841
1736785859041
1736785860103
1736785861189
1736785862226
1736785863247
1736785865670
1736785866681
1736785868097
1736785869499
1736785870520
1736785872546
1736785873550
1736785874606
1736785876028
1736785877038
1736785879050
1736785880052
1736785881060
1736785883085
1736785885111
1736785886331
1736785888153
1736785890036
1736785891479
1736785893291
1736785895113
1736785897029
1736785898474
1736785899907
1736785900930
1736785903317
1736785905110
1736785906502
1736785907519,43:D2:96:9D:2C:AC--89,52:0C:DA:3A:16:DD--81,FE:4B:CA:C3:D1:0A--85,DB:17:26:8A:7E:ED--76,40:7A:83:A7:C1:03--89,70:BE:4C:C0:E2:F1--83,D2:FD:9D:13:ED:6B--63,09:0F:6E:DD:88:3A--88,64:99:40:8F:F4:88--73,F9:F1:3E:A8:DF:7E--74,24:98:FB:C6:3A:A0--64,5F:13:BB:D4:FB:F4--71,54:F8:09:98:24:CD--65,65:5A:74:11:92:C6--76,57:23:8C:67:61:37--67,78:60:87:9C:21:6B--81
1736785908532,43:D2:96:9D:2C:AC--89,52:0C:DA:3A:16:DD--81,FE:4B:CA:C3:D1:0A--85,DB:17:26:8A:7E:ED--76,40:7A:83:A7:C1:03--89,70:BE:4C:C0:E2:F1--83,D2:FD:9D:13:ED:6B--63,09:0F:6E:DD:88:3A--88,64:99:40:8F:F4:88--73,F9:F1:3E:A8:DF:7E--74,24:98:FB:C6:3A:A0--64,5F:13:BB:D4:FB:F4--71,54:F8:09:98:24:CD--65,65:5A:74:11:92:C6--76,57:23:8C:67:61:37--67,78:60:87:9C:21:6B--81
1736785910564
1736785912591
1736785913594
1736785914624
1736785916653
1736785917656
1736785918724
1736785919766,7E:56:7F:0E:A7:49--67,45:E9:9D:79:26:1C--65,39:D0:74:25:90:72--75,6E:F7:37:C4:83:3E--54,F5:BB:E6:B1:C7:86--75,09:F5:47:53:1B:B7--70,D7:65:50:87:83:F6--85,69:33:29:4D:9A:43--75,5D:E1:16:91:3D:5E--81,5D:64:BB:6A:93:D3--63,24:98:FB:C6:3A:A0--69,45:2B:B1:4F:34:48--62,27:74:07:AE:AB:B0--66,02:22:F4:AA:BF:75--73,6A:9A:2C:D6:01:D3--78,4F:89:DE:EE:81:4A--78,72:1C:91:6E:CA:86--70,C0:A2:EC:0E:19:89--87,66:FA:F6:7A:46:C3--85,0B:45:62:1A:48:BD--91,E1:94:E3:2B:8B:DC--83,54:08:3B:C4:FC:64--58,1B:7A:D2:8E:32:C3--74
1736785920785,7E:56:7F:0E:A7:49--67,45:E9:9D:79:26:1C--65,39:D0:74:25:90:72--75,6E:F7:37:C4:83:3E--54,F5:BB:E6:B1:C7:86--75,09:F5:47:53:1B:B7--70,D7:65:50:87:83:F6--85,69:33:29:4D:9A:43--75,5D:E1:16:91:3D:5E--81,5D:64:BB:6A:93:D3--63,24:98:FB:C6:3A:A0--69,45:2B:B1:4F:34:48--62,27:74:07:AE:AB:B0--66,02:22:F4:AA:BF:75--73,6A:9A:2C:D6:01:D3--78,4F:89:DE:EE:81:4A--78,72:1C:91:6E:CA:86--70,C0:A2:EC:0E:19:89--87,66:FA:F6:7A:46:C3--85,0B:45:62:1A:48:BD--91,E1:94:E3:2B:8B:DC--83,54:08:3B:C4:FC:64--58,1B:7A:D2:8E:32:C3--74
1736785922959
1736785924357
1736785926200
1736785928039
1736785929481
1736785931304
1736785933082
1736785934485
1736785936294
1736785938084
1736785940029
1736785941440
1736785943231
1736785945020
1736785946414
1736785948210
1736785949629
1736785951037
1736785952468
1736785954250
1736785956043
1736785957476
1736785958946
1736785960350
1736785961369
1736785962390,40:BB:98:02:FD:CA--84,6E:F7:37:C4:83:3E--51,F9:F1:3E:A8:DF:7E--63,54:B2:0C:A0:3A:0E--68,6C:E9:2E:F7:5A:C3--53,64:99:40:8F:F4:88--56,13:89:5A:D1:88:D3--75,48:9A:BF:3D:73:B4--69,D3:D8:22:EE:40:90--68,24:98:FB:C6:3A:A0--67,70:BE:4C:C0:E2:F1--55,46:9D:44:90:2B:DB--52,02:22:F4:AA:BF:75--78,1B:7A:D2:8E:32:C3--72,65:44:29:C9:F4:57--63,64:D2:C4:B4:DC:65--79,57:23:8C:67:61:37--59,09:F5:47:53:1B:B7--72,65:5A:74:11:92:C6--59,39:D0:74:25:90:72--67,12:96:75:13:C5:A5--83,57:4A:57:F9:18:E9--85,3D:F9:08:38:67:3D--68
1736785963395,40:BB:98:02:FD:CA--84,6E:F7:37:C4:83:3E--51,F9:F1:3E:A8:DF:7E--63,54:B2:0C:A0:3A:0E--68,6C:E9:2E:F7:5A:C3--53,64:99:40:8F:F4:88--56,13:89:5A:D1:88:D3--75,48:9A:BF:3D:73:B4--69,D3:D8:22:EE:40:90--68,24:98:FB:C6:3A:A0--67,70:BE:4C:C0:E2:F1--55,46:9D:44:90:2B:DB--52,02:22:F4:AA:BF:75--78,1B:7A:D2:8E:32:C3--72,65:44:29:C9:F4:57--63,64:D2:C4:B4:DC:65--79,57:23:8C:67:61:37--59,09:F5:47:53:1B:B7--72,65:5A:74:11:92:C6--59,39:D0:74:25:90:72--67,12:96:75:13:C5:A5--83,57:4A:57:F9:18:E9--85,3D:F9:08:38:67:3D--68
1736785964403
1736785965405
1736785966408
1736785967416
1736785969429
1736785970434
1736785971453
1736785972476,60:42:58:02:97:7E--69,13:89:5A:D1:88:D3--76,6E:F7:37:C4:83:3E--56,43:D2:96:9D:2C:AC--72,55:D8:D7:34:6B:A0--64,52:0C:DA:3A:16:DD--74,70:BE:4C:C0:E2:F1--65,39:D0:74:25:90:72--74,E1:94:E3:2B:8B:DC--81,F5:BB:E6:B1:C7:86--82,27:A4:8C:D1:3B:AC--79,6E:68:17:3E:10:E3--66,46:9D:44:90:2B:DB--52,64:D2:C4:B4:DC:65--87,51:35:E4:0A:DC:03--68,24:98:FB:C6:3A:A0--64,0E:47:EF:31:99:27--88,4B:2A:3B:B3:D3:54--74,7B:0A:8C:84:5F:82--67,42:C1:82:DA:FD:BD--66,75:9A:42:63:C5:0D--55,CD:B1:70:76:1D:B5--86,C2:F0:6B:BE:CD:69--73
1736785973484,60:42:58:02:97:7E--69,13:89:5A:D1:88:D3--76,6E:F7:37:C4:83:3E--56,43:D2:96:9D:2C:AC--72,55:D8:D7:34:6B:A0--64,52:0C:DA:3A:16:DD--74,70:BE:4C:C0:E2:F1--65,39:D0:74:25:90:72--74,E1:94:E3:2B:8B:DC--81,F5:BB:E6:B1:C7:86--82,27:A4:8C:D1:3B:AC--79,6E:68:17:3E:10:E3--66,46:9D:44:90:2B:DB--52,64:D2:C4:B4:DC:65--87,51:35:E4:0A:DC:03--68,24:98:FB:C6:3A:A0--64,0E:47:EF:31:99:27--88,4B:2A:3B:B3:D3:54--74,7B:0A:8C:84:5F:82--67,42:C1:82:DA:FD:BD--66,75:9A:42:63:C5:0D--55,CD:B1:70:76:1D:B5--86,C2:F0:6B:BE:CD:69--73
1736785975491
1736785976494
1736785977510
1736785978514
1736785979525
1736785981547
1736785982564,64:D2:C4:B4:DC:65--80,27:74:07:AE:AB:B0--71,5D:E1:16:91:3D:5E--64,DC:0D:30:59:57:8F--85,F5:BB:E6:B1:C7:86--75,72:B1:F8:AE:E3:1E--59,24:98:FB:C6:3A:A0--63,E6:53:26:D9:CB:07--71,78:F3:6F:63:0B:6A--84,3D:F9:08:38:67:3D--62,64:3A:2B:23:17:00--60,4B:2A:3B:B3:D3:54--66,57:23:8C:67:61:37--73,54:08:3B:C4:FC:64--63,C2:AD:DA:1D:54:21--66
1736785983574,64:D2:C4:B4:DC:65--80,27:74:07:AE:AB:B0--71,5D:E1:16:91:3D:5E--64,DC:0D:30:59:57:8F--85,F5:BB:E6:B1:C7:86--75,72:B1:F8:AE:E3:1E--59,24:98:FB:C6:3A:A0--63,E6:53:26:D9:CB:07--71,78:F3:6F:63:0B:6A--84,3D:F9:08:38:67:3D--62,64:3A:2B:23:17:00--60,4B:2A:3B:B3:D3:54--66,57:23:8C:67:61:37--73,54:08:3B:C4:FC:64--63,C2:AD:DA:1D:54:21--66
1736785985590
1736785987610
1736785988623,4F:89:DE:EE:81:4A--62,57:23:8C:67:61:37--72,61:5C:49:6C:48:C2--79,27:74:07:AE:AB:B0--62,C2:F0:6B:BE:CD:69--90,C0:6A:2F:CE:C4:E9--51,39:D0:74:25:90:72--72,F5:BB:E6:B1:C7:86--79,C9:38:69:C2:EC:2D--67,6C:E9:2E:F7:5A:C3--53,E1:94:E3:2B:8B:DC--78,24:98:FB:C6:3A:A0--66,57:2A:2C:7D:0A:74--76,76:BB:8A:33:3E:34--54,54:B2:0C:A0:3A:0E--69,43:D2:96:9D:2C:AC--75,60:8B:7C:ED:28:37--86,43:C3:BD:AF:C8:DA--64
1736785989654,4F:89:DE:EE:81:4A--62,57:23:8C:67:61:37--72,61:5C:49:6C:48:C2--79,27:74:07:AE:AB:B0--62,C2:F0:6B:BE:CD:69--90,C0:6A:2F:CE:C4:E9--51,39:D0:74:25:90:72--72,F5:BB:E6:B1:C7:86--79,C9:38:69:C2:EC:2D--67,6C:E9:2E:F7:5A:C3--53,E1:94:E3:2B:8B:DC--78,24:98:FB:C6:3A:A0--66,57:2A:2C:7D:0A:74--76,76:BB:8A:33:3E:34--54,54:B2:0C:A0:3A:0E--69,43:D2:96:9D:2C:AC--75,60:8B:7C:ED:28:37--86,43:C3:BD:AF:C8:DA--64
1736785990666,52:0C:DA:3A:16:DD--74,12:96:75:13:C5:A5--77,1B:7A:D2:8E:32:C3--69,09:F5:47:53:1B:B7--67,45:2B:B1:4F:34:48--66,7B:A1:C7:73:36:DF--72,24:98:FB:C6:3A:A0--66,72:B1:F8:AE:E3:1E--53,F7:C4:D8:6D:46:32--67,E1:94:E3:2B:8B:DC--82,5D:64:BB:6A:93:D3--58,5E:E9:CA:89:6D:9B--73,57:23:8C:67:61:37--75,72:6C:B2:1E:EE:4A--55,27:A4:8C:D1:3B:AC--69,54:08:3B:C4:FC:64--67,13:89:5A:D1:88:D3--73,4F:89:DE:EE:81:4A--58,3D:59:16:92:77:02--81
1736785991688,52:0C:DA:3A:16:DD--74,12:96:75:13:C5:A5--77,1B:7A:D2:8E:32:C3--69,09:F5:47:53:1B:B7--67,45:2B:B1:4F:34:48--66,7B:A1:C7:73:36:DF--72,24:98:FB:C6:3A:A0--66,72:B1:F8:AE:E3:1E--53,F7:C4:D8:6D:46:32--67,E1:94:E3:2B:8B:DC--82,5D:64:BB:6A:93:D3--58,5E:E9:CA:89:6D:9B--73,57:23:8C:67:61:37--75,72:6C:B2:1E:EE:4A--55,27:A4:8C:D1:3B:AC--69,54:08:3B:C4:FC:64--67,13:89:5A:D1:88:D3--73,4F:89:DE:EE:81:4A--58,3D:59:16:92:77:02--81
1736785992709,F7:C4:D8:6D:46:32--71,E1:94:E3:2B:8B:DC--73,48:9A:BF:3D:73:B4--71,48:26:1A:E8:67:35--63,0E:47:EF:31:99:27--82,39:D0:74:25:90:72--73,75:9A:42:63:C5:0D--52,02:30:1E:17:53:AD--89,27:A4:8C:D1:3B:AC--72,72:1C:91:6E:CA:86--61,47:53:C1:5D:1B:FD--61,75:69:3A:09:E7:FB--82,6C:E9:2E:F7:5A:C3--53,27:74:07:AE:AB:B0--67,09:F5:47:53:1B:B7--83,46:9D:44:90:2B:DB--51,3D:F9:08:38:67:3D--69
1736785993723,F7:C4:D8:6D:46:32--71,E1:94:E3:2B:8B:DC--73,48:9A:BF:3D:73:B4--71,48:26:1A:E8:67:35--63,0E:47:EF:31:99:27--82,39:D0:74:25:90:72--73,75:9A:42:63:C5:0D--52,02:30:1E:17:53:AD--89,27:A4:8C:D1:3B:AC--72,72:1C:91:6E:CA:86--61,47:53:C1:5D:1B:FD--61,75:69:3A:09:E7:FB--82,6C:E9:2E:F7:5A:C3--53,27:74:07:AE:AB:B0--67,09:F5:47:53:1B:B7--83,46:9D:44:90:2B:DB--51,3D:F9:08:38:67:3D--69
1736785994729
1736785995734
1736785997756
1736785999772
1736786000774
1736786001801
1736786002818,43:D2:96:9D:2C:AC--75,54:B2:0C:A0:3A:0E--79,76:BB:8A:33:3E:34--62,0E:47:EF:31:99:27--82,13:89:5A:D1:88:D3--76,1B:7A:D2:8E:32:C3--68,4B:2A:3B:B3:D3:54--66,69:33:29:4D:9A:43--70,E1:36:23:E3:71:66--63,5E:E9:CA:89:6D:9B--79,F5:BB:E6:B1:C7:86--81,60:04:5C:37:A8:31--75,7E:DD:EC:57:68:3E--78,12:96:75:13:C5:A5--80,50:C8:6F:F7:67:14--66,72:6C:B2:1E:EE:4A--54,24:98:FB:C6:3A:A0--67
1736786003828,43:D2:96:9D:2C:AC--75,54:B2:0C:A0:3A:0E--79,76:BB:8A:33:3E:34--62,0E:47:EF:31:99:27--82,13:89:5A:D1:88:D3--76,1B:7A:D2:8E:32:C3--68,4B:2A:3B:B3:D3:54--66,69:33:29:4D:9A:43--70,E1:36:23:E3:71:66--63,5E:E9:CA:89:6D:9B--79,F5:BB:E6:B1:C7:86--81,60:04:5C:37:A8:31--75,7E:DD:EC:57:68:3E--78,12:96:75:13:C5:A5--80,50:C8:6F:F7:67:14--66,72:6C:B2:1E:EE:4A--54,24:98:FB:C6:3A:A0--67
1736786004831
1736786005839
1736786007845
1736786009861
1736786010864
1736786011886
1736786012906,72:6C:B2:1E:EE:4A--54,13:89:5A:D1:88:D3--72,24:98:FB:C6:3A:A0--64,02:22:F4:AA:BF:75--82,E1:94:E3:2B:8B:DC--74,42:C1:82:DA:FD:BD--67,43:C3:BD:AF:C8:DA--81,7E:97:F2:74:EB:08--67,DC:0D:30:59:57:8F--81,F5:BB:E6:B1:C7:86--79,5D:64:BB:6A:93:D3--56,4C:91:AD:9D:F6:8B--87,12:96:75:13:C5:A5--78,52:0C:DA:3A:16:DD--73,54:08:3B:C4:FC:64--66,45:E9:9D:79:26:1C--75
1736786013915,72:6C:B2:1E:EE:4A--54,13:89:5A:D1:88:D3--72,24:98:FB:C6:3A:A0--64,02:22:F4:AA:BF:75--82,E1:94:E3:2B:8B:DC--74,42:C1:82:DA:FD:BD--67,43:C3:BD:AF:C8:DA--81,7E:97:F2:74:EB:08--67,DC:0D:30:59:57:8F--81,F5:BB:E6:B1:C7:86--79,5D:64:BB:6A:93:D3--56,4C:91:AD:9D:F6:8B--87,12:96:75:13:C5:A5--78,52:0C:DA:3A:16:DD--73,54:08:3B:C4:FC:64--66,45:E9:9D:79:26:1C--75
1736786014923
1736786015939
1736786017967
1736786018983,56:C4:3C:D9:B5:9E--72,C2:AD:DA:1D:54:21--72,4B:0E:04:85:1E:C3--71,6C:E9:2E:F7:5A:C3--52,24:98:FB:C6:3A:A0--74,12:96:75:13:C5:A5--80,13:89:5A:D1:88:D3--76,7E:97:F2:74:EB:08--64,72:B1:F8:AE:E3:1E--70,39:D0:74:25:90:72--67,64:3A:2B:23:17:00--66,19:23:4C:E4:4E:D9--86,E7:97:7E:48:E3:F1--61,45:2B:B1:4F:34:48--64
1736786020009,56:C4:3C:D9:B5:9E--72,C2:AD:DA:1D:54:21--72,4B:0E:04:85:1E:C3--71,6C:E9:2E:F7:5A:C3--52,24:98:FB:C6:3A:A0--74,12:96:75:13:C5:A5--80,13:89:5A:D1:88:D3--76,7E:97:F2:74:EB:08--64,72:B1:F8:AE:E3:1E--70,39:D0:74:25:90:72--67,64:3A:2B:23:17:00--66,19:23:4C:E4:4E:D9--86,E7:97:7E:48:E3:F1--61,45:2B:B1:4F:34:48--64
1736786021026,24:98:FB:C6:3A:A0--68,4B:0E:04:85:1E:C3--65,52:0C:DA:3A:16:DD--79,12:96:75:13:C5:A5--81,56:C4:3C:D9:B5:9E--65,5C:97:13:71:86:0A--73,F5:BB:E6:B1:C7:86--80,60:8B:7C:ED:28:37--53,02:22:F4:AA:BF:75--77,27:74:07:AE:AB:B0--77,02:30:1E:17:53:AD--83,09:F5:47:53:1B:B7--81,4B:2A:3B:B3:D3:54--57,D2:B5:21:76:1D:A9--70
1736786022050,24:98:FB:C6:3A:A0--68,4B:0E:04:85:1E:C3--65,52:0C:DA:3A:16:DD--79,12:96:75:13:C5:A5--81,56:C4:3C:D9:B5:9E--65,5C:97:13:71:86:0A--73,F5:BB:E6:B1:C7:86--80,60:8B:7C:ED:28:37--53,02:22:F4:AA:BF:75--77,27:74:07:AE:AB:B0--77,02:30:1E:17:53:AD--83,09:F5:47:53:1B:B7--81,4B:2A:3B:B3:D3:54--57,D2:B5:21:76:1D:A9--70
1736786023073,64:D2:C4:B4:DC:65--76,02:22:F4:AA:BF:75--70,5C:03:F1:C1:93:DC--82,C2:AD:DA:1D:54:21--73,56:C4:3C:D9:B5:9E--66,7E:56:7F:0E:A7:49--72,1B:7A:D2:8E:32:C3--68,3D:59:16:92:77:02--85,50:C8:6F:F7:67:14--60,4B:0E:04:85:1E:C3--68,76:BB:8A:33:3E:34--62,15:48:FB:0B:1F:16--70,52:0C:DA:3A:16:DD--70,D3:81:93:EA:4F:C6--81,6D:2F:FF:EA:56:05--66,27:74:07:AE:AB:B0--65,09:F5:47:53:1B:B7--84
1736786024086,64:D2:C4:B4:DC:65--76,02:22:F4:AA:BF:75--70,5C:03:F1:C1:93:DC--82,C2:AD:DA:1D:54:21--73,56:C4:3C:D9:B5:9E--66,7E:56:7F:0E:A7:49--72,1B:7A:D2:8E:32:C3--68,3D:59:16:92:77:02--85,50:C8:6F:F7:67:14--60,4B:0E:04:85:1E:C3--68,76:BB:8A:33:3E:34--62,15:48:FB:0B:1F:16--70,52:0C:DA:3A:16:DD--70,D3:81:93:EA:4F:C6--81,6D:2F:FF:EA:56:05--66,27:74:07:AE:AB:B0--65,09:F5:47:53:1B:B7--84
1736786026096
1736786028102
1736786029105
1736786031111
1736786032124
1736786033136,45:2B:B1:4F:34:48--62,13:89:5A:D1:88:D3--87,27:74:07:AE:AB:B0--75,66:97:29:0F:BC:3D--68,39:D0:74:25:90:72--73,D3:81:93:EA:4F:C6--84,3D:F9:08:38:67:3D--70,DD:F1:0A:07:1B:85--67,61:5C:49:6C:48:C2--73,19:23:4C:E4:4E:D9--80,4B:0E:04:85:1E:C3--68,04:C2:59:A5:2F:A8--89,7B:A1:C7:73:36:DF--76,78:60:87:9C:21:6B--71,5C:03:F1:C1:93:DC--71,F5:BB:E6:B1:C7:86--81,09:0F:6E:DD:88:3A--89,06:F8:D0:3C:64:23--88,56:C4:3C:D9:B5:9E--68,DA:74:E4:CA:D5:8F--68,3A:C2:EA:6A:56:8F--88,FE:4B:CA:C3:D1:0A--72,4B:A1:E8:52:D0:E9--68,E1:94:E3:2B:8B:DC--84
1736786034141,45:2B:B1:4F:34:48--62,13:89:5A:D1:88:D3--87,27:74:07:AE:AB:B0--75,66:97:29:0F:BC:3D--68,39:D0:74:25:90:72--73,D3:81:93:EA:4F:C6--84,3D:F9:08:38:67:3D--70,DD:F1:0A:07:1B:85--67,61:5C:49:6C:48:C2--73,19:23:4C:E4:4E:D9--80,4B:0E:04:85:1E:C3--68,04:C2:59:A5:2F:A8--89,7B:A1:C7:73:36:DF--76,78:60:87:9C:21:6B--71,5C:03:F1:C1:93:DC--71,F5:BB:E6:B1:C7:86--81,09:0F:6E:DD:88:3A--89,06:F8:D0:3C:64:23--88,56:C4:3C:D9:B5:9E--68,DA:74:E4:CA:D5:8F--68,3A:C2:EA:6A:56:8F--88,FE:4B:CA:C3:D1:0A--72,4B:A1:E8:52:D0:E9--68,E1:94:E3:2B:8B:DC--84
