timestamp,latitude,longitude,heartRate,accelX,accelY,accelZ,gyroX,gyroY,gyroZ,magnetoX,magnetoY,magnetoZ,steps
1736781734596,0.0,0.0,0.0,-1.3335704,5.233725,8.604761,0.02443461,-0.0036651916,-0.017104227,-6.72,-5.46,-23.34,0
1736781735623,0.0,0.0,87.0,-1.2162545,5.0493712,8.616732,-0.02687807,-0.002443461,-0.02076942,-5.64,-37.38,-31.619999,0
1736781736631,0.0,0.0,0.0,-1.1348516,4.972757,8.750807,-0.02443461,0.059864793,0.14049901,-6.06,-36.239998,-33.0,0
1736781737650,0.0,0.0,0.0,-3.2249897,-1.4413095,9.198523,-0.07574729,0.080634214,0.3200934,-6.72,-19.32,-46.5,0
1736781738682,0.0,0.0,0.0,-2.777274,-2.7629087,9.828198,-0.10873401,-0.17348573,1.4563028,-5.46,1.9799999,-51.36,0
1736781739697,0.0,0.0,0.0,-1.1180922,-1.9752164,10.156203,-0.1160644,0.096516706,0.16982053,-1.26,21.06,-42.6,0
1736781740743,0.0,0.0,0.0,-1.3263878,-1.673547,9.682152,-0.09285152,0.089186326,0.034208454,-1.5,21.3,-42.96,0
1736781741758,0.0,0.0,0.0,-1.2808979,-2.0207062,9.7084875,-0.002443461,0.034208454,-0.13805555,-4.44,20.46,-43.079998,0
1736781742818,0.0,0.0,0.0,-0.80445176,2.5210943,8.030152,1.6444492,-0.5558874,-0.28588495,-8.28,17.279999,-44.76,0
1736781743826,0.0,0.0,0.0,-0.48602295,3.9336734,8.631097,-0.66950834,0.22235495,0.54733527,-14.82,-12.9,-46.5,0
1736781744851,0.0,0.0,0.0,0.91697925,-0.37110126,10.637438,0.7672467,0.2284636,-0.47403142,-8.82,14.099999,-45.6,0
1736781746878,0.0,0.0,78.0,0.39983168,-1.6376339,9.911995,0.112399206,0.12705997,0.21624629,-9.719999,20.82,-42.18,0
1736781748903,0.0,0.0,80.0,0.2873042,-2.4971523,9.564836,-0.06841691,-0.059864793,0.04153884,-8.22,23.76,-40.68,0
1736781749907,0.0,0.0,81.0,0.10055647,-2.516306,9.449914,-0.012217305,0.06352998,0.30787608,-4.3199997,25.8,-39.0,0
1736781750931,0.0,0.0,81.0,-0.35434186,-2.1763294,9.722853,-0.061086524,0.12583824,-0.13927728,2.46,21.539999,-42.239998,0
1736781752959,0.0,0.0,81.0,-0.6464345,-2.5019407,9.619903,0.009773844,0.0036651916,-0.14660765,0.53999996,23.699999,-40.98,0
1736781754984,0.0,0.0,81.0,0.12449849,-3.4284968,9.579201,0.18692477,-0.043982297,0.13194689,-3.36,26.46,-39.3,0
1736781757011,0.0,0.0,81.0,0.107739076,-3.5003228,9.560047,-0.06841691,-0.02321288,0.72326446,-6.2999997,26.76,-39.239998,0
1736781758014,0.0,0.0,81.0,0.12449849,-1.8315643,9.093178,-0.3921755,0.34574974,-0.31642818,-1.4399999,22.859999,-41.1,0
1736781759039,0.0,0.0,80.0,0.36870706,-4.132392,9.174581,0.11728613,-0.17592919,0.9089675,-7.2,26.099998,-38.04,0
1736781761064,0.0,0.0,79.0,0.33518824,-3.2393548,9.674969,-0.43982297,-0.13316862,0.42760566,2.46,24.48,-37.14,0
1736781762067,0.0,0.0,78.0,-1.2689269,-2.8634653,8.504205,0.0061086523,0.12583824,-0.19425514,6.96,22.5,-37.079998,0
1736781763089,0.0,0.0,79.0,0.85473,-4.1706996,9.394848,-0.24312437,-0.112399206,0.453262,8.46,23.16,-36.059998,0
1736781765143,0.0,0.0,81.0,-0.11731588,-4.570531,10.386047,-0.0061086523,-0.1160644,0.7672467,8.76,21.96,-36.96,0
1736781766154,0.0,0.0,81.0,-1.1348516,-3.335123,10.833763,0.69027776,-0.22968534,-0.43371433,12.0,19.74,-35.94,0
1736781767203,0.0,0.0,79.0,-0.6991069,-3.9600096,9.933543,0.55833083,-0.09407325,-0.37751472,10.679999,21.72,-36.54,0
1736781768214,0.0,0.0,81.0,-0.2753332,-2.3295584,9.574412,0.24801129,-0.40194935,0.25045475,10.08,17.699999,-38.579998,0
1736781769269,0.0,0.0,81.0,-0.4261679,-2.822764,10.644621,0.2724459,-0.081855945,-0.1881465,9.78,14.04,-40.2,0
1736781770276,0.0,0.0,83.0,-1.9057846,-3.1004913,9.660604,0.41416663,-0.043982297,-0.36285394,15.719999,11.04,-38.28,0
1736781771326,0.0,0.0,83.0,-0.24181437,-2.1978772,8.930372,-0.052534413,0.12217305,0.39950588,8.28,13.2,-40.2,0
1736781772339,0.0,0.0,83.0,-0.51475334,-1.3096284,10.6637745,-0.49968776,-0.008552114,-0.042760566,4.8599997,4.02,-43.98,0
1736781773391,0.0,0.0,85.0,-1.1420342,-2.8491,10.840945,-0.12950343,-0.010995574,-0.81122905,9.48,8.34,-41.219997,0
1736781774424,0.0,0.0,86.0,-2.585738,-2.4851813,9.43076,-0.2284636,0.18570304,0.12705997,11.88,13.62,-41.219997,0
1736781775448,0.0,0.0,86.0,-1.6400281,-4.76925,10.881647,-0.49357912,0.5497787,-0.21991149,12.54,12.42,-40.68,11
1736781776452,0.0,0.0,89.0,-1.7262194,-3.1723173,8.506598,-0.15271631,-0.04153884,0.408058,11.04,16.44,-40.739998,11
1736781777474,0.0,0.0,90.0,-2.96881,-3.9001546,10.888829,0.32375857,0.14049901,0.012217305,11.46,13.139999,-42.239998,13
1736781778477,0.0,0.0,89.0,-2.719813,-3.3542767,11.145009,0.22724187,-0.08307768,-0.32253686,15.059999,12.179999,-40.559998,16
1736781779500,0.0,0.0,89.0,-1.1133038,-4.074931,10.532093,0.105068825,0.013439035,0.45204028,12.12,9.3,-42.84,16
1736781781527,0.0,0.0,87.0,-0.6895301,2.7844565,6.615179,0.7134906,-0.44715336,-0.16615535,13.38,6.3599997,-42.239998,17
1736781782529,0.0,0.0,86.0,0.6703765,-0.0023942017,8.200141,-0.7806858,0.50701815,-0.5216789,8.88,-11.639999,-41.82,17
1736781783554,0.0,0.0,86.0,-1.6112977,-3.620033,8.212111,-0.10995574,-0.15149458,-0.07819075,14.04,12.3,-40.739998,21
1736781784557,0.0,0.0,86.0,-3.3734303,-3.9839516,9.880871,0.22113322,0.22357668,-0.3213151,14.58,18.3,-37.98,23
1736781785581,0.0,0.0,86.0,-1.2617443,-3.4979286,9.411607,-0.14782938,-0.2602286,0.49357912,12.24,19.8,-38.46,25
1736781786583,0.0,0.0,85.0,-3.2848446,-4.7548847,8.913613,0.23335053,0.6133087,0.3494149,14.639999,18.06,-39.96,27
1736781787608,0.0,0.0,84.0,-3.1244333,-3.0119057,7.0605006,-0.2773328,-0.12339478,0.47769663,16.26,17.699999,-37.98,29
1736781788611,0.0,0.0,84.0,-4.6926355,-5.583278,8.7053175,0.043982297,0.16615535,-0.089186326,22.32,12.719999,-34.26,34
1736781789633,0.0,0.0,86.0,-2.516306,-3.5458126,9.710882,-0.38362336,0.27855456,-0.09407325,21.539999,12.54,-35.16,37
1736781790636,0.0,0.0,86.0,-3.9839516,-2.8754363,9.947908,0.29565877,0.14049901,0.36896262,21.48,13.74,-33.18,40
1736781791652,0.0,0.0,87.0,-1.9177556,4.309563,8.51857,-0.26389378,0.052534413,-0.11362094,20.34,3.24,-35.7,43
1736781793670,0.0,0.0,87.0,-4.213795,-2.5378537,9.969456,-0.065973446,-0.05497787,0.46303585,27.24,9.3,-30.539999,49
1736781794673,0.0,0.0,85.0,-2.3774424,-3.4284968,8.781932,-0.073303826,0.09896017,0.105068825,24.9,-1.86,-32.219997,51
1736781795720,0.0,0.0,85.0,-4.1611223,-3.064578,9.65821,-0.052534413,0.095294975,0.12095132,26.64,-1.86,-33.42,53
1736781796732,0.0,0.0,84.0,-4.6686935,-3.9839516,10.172963,0.46792278,0.07452556,0.41538838,24.6,-4.38,-32.34,57
1736781797759,0.0,0.0,84.0,-5.6551046,-3.1196449,9.14585,0.21380283,-0.2724459,-0.21135938,30.24,2.7,-30.0,61
1736781798769,0.0,0.0,84.0,-4.6375685,-4.654328,9.172187,0.118507855,0.17104226,-0.13072516,28.32,2.1,-29.82,63
1736781799797,0.0,0.0,85.0,-4.4460325,-2.2649148,8.226477,0.095294975,0.014660766,0.11728613,30.96,8.16,-28.199999,63
1736781800805,0.0,0.0,84.0,-4.3023806,-2.7389667,8.451532,0.38606682,0.30543262,-0.5864306,34.02,4.2,-25.5,64
1736781801849,0.0,0.0,83.0,-3.371036,-0.90979666,9.816227,1.0274754,-0.2883284,-0.61086524,30.3,4.68,-29.34,64
1736781802860,0.0,0.0,82.0,-2.5809495,2.956839,8.793902,0.20891592,0.14294247,-0.052534413,19.199999,-4.44,-38.94,64
1736781803914,0.0,0.0,81.0,-2.920926,3.145981,9.126697,0.014660766,0.03176499,0.06841691,22.199999,-6.2999997,-37.02,64
1736781804931,0.0,0.0,81.0,-1.9033904,0.79248077,9.82341,-1.3634512,0.2687807,0.41783184,17.1,-4.2599998,-40.14,64
1736781805941,0.0,0.0,81.0,-2.7222073,-2.3582888,9.703699,0.021991149,0.2406809,0.48258355,26.279999,8.34,-34.14,64
1736781806945,0.0,0.0,0.0,-1.8219875,-1.0247183,10.280702,-0.7110472,-0.14294247,-0.344528,22.02,2.8799999,-36.12,64
1736781807960,0.0,0.0,81.0,-1.4652514,-2.3199813,9.581595,-0.07086037,0.44226643,0.9944886,18.6,2.22,-37.68,64
1736781808963,0.0,0.0,82.0,-0.8690952,-3.3375173,6.859388,-0.118507855,-0.5119051,-0.79779,20.64,0.42,-35.46,64
1736781809990,0.0,0.0,82.0,-3.8379054,-2.1859062,7.773973,0.13805555,-0.38606682,-0.3811799,24.3,2.1599998,-34.98,64
1736781810993,0.0,0.0,83.0,-1.9201498,-2.7341783,7.326257,-0.77824235,-0.057421334,-0.6939429,25.68,4.62,-34.44,71
1736781813001,0.0,0.0,83.0,-2.2720973,-3.241749,9.950302,-0.20525073,0.18448131,0.3652974,23.64,3.72,-35.64,77
1736781814014,0.0,0.0,83.0,-4.283227,-2.006341,9.837775,-0.344528,0.28710666,-0.02687807,24.06,-0.48,-34.5,81
1736781815018,0.0,0.0,83.0,-1.8100165,-3.4955344,8.408437,0.04642576,0.21502456,-0.5338962,22.859999,-1.3199999,-34.92,81
1736781816043,0.0,0.0,83.0,-2.731784,-3.122039,8.628703,-0.22602014,-0.09407325,-0.376293,21.24,-1.3199999,-34.559998,83
1736781818070,0.0,0.0,83.0,-2.6551697,-4.4101195,9.622296,-0.08307768,-0.09162979,0.33475417,24.18,4.14,-31.859999,84
1736781819073,0.0,0.0,83.0,-3.5122938,-2.7150247,8.939949,0.012217305,0.07574729,-0.002443461,25.5,-1.8,-32.52,84
1736781820096,0.0,0.0,82.0,-2.920926,-3.881001,8.813056,-0.2687807,-0.029321533,0.3323107,24.0,0.12,-30.66,88
1736781821099,0.0,0.0,82.0,-4.2185836,-1.7357962,8.90643,-0.17104226,0.40561453,-0.02321288,25.38,-5.58,-31.019999,88
1736781822121,0.0,0.0,82.0,-3.359065,-3.4213142,8.856153,-0.095294975,0.408058,-0.42394048,25.08,-3.06,-29.4,89
1736781824148,0.0,0.0,84.0,-0.47644615,3.383007,9.368511,0.019547688,-0.019547688,0.0842994,22.92,-5.52,-32.04,89
1736781825151,0.0,0.0,85.0,-5.0781016,-3.5003228,8.145074,0.4007276,0.24923302,-0.7305948,28.92,3.0,-29.46,89
1736781826188,0.0,0.0,85.0,-5.9902925,-3.3662477,7.6973586,-0.09407325,0.05009095,0.26633725,33.66,7.98,-18.48,89
1736781827201,0.0,0.0,86.0,-5.1930237,-1.8243817,7.644686,-0.46792278,0.05375614,0.63163465,32.76,1.9799999,-19.859999,89
1736781828247,0.0,0.0,89.0,-5.497087,-2.8802247,6.8043213,0.04520403,0.030543262,-0.09285152,32.7,-3.4199998,-23.279999,89
1736781829253,0.0,0.0,89.0,-4.537012,-3.4524388,8.24563,-0.042760566,-0.59498274,0.14905111,30.84,-3.9599998,-25.019999,89
1736781830296,0.0,0.0,90.0,-4.158728,-4.0916905,9.088389,0.12461651,-0.4654793,0.043982297,24.359999,-4.38,-34.14,89
1736781831308,0.0,0.0,90.0,-1.1994951,3.9983168,8.863335,-0.10629055,0.15271631,0.4251622,13.0199995,-10.8,-23.279999,89
1736781832355,0.0,0.0,90.0,-2.5091233,-4.685453,9.294291,-0.3726278,0.10140363,0.25289822,18.6,-0.42,-26.279999,89
1736781833362,0.0,0.0,90.0,-3.2106245,-3.335123,9.368511,0.10629055,0.39706242,-0.089186326,15.179999,0.35999998,-26.4,89
1736781834408,0.0,0.0,90.0,-2.6192567,-3.4883518,8.48984,0.036651913,0.05131268,-0.037873644,8.34,0.12,-29.82,89
1736781835421,0.0,0.0,89.0,-2.8778305,-4.0294414,8.822633,-0.3005457,0.6059783,0.59131753,6.0,6.12,-27.96,89
1736781836445,0.0,0.0,89.0,-3.8594532,-2.6384103,7.687782,-0.12583824,0.52412236,-0.0036651916,3.84,5.52,-28.5,89
1736781837450,0.0,0.0,88.0,-3.1723173,-4.378995,7.180211,-0.0720821,0.41172317,-0.5705481,4.74,10.559999,-26.039999,89
1736781838471,0.0,0.0,88.0,-2.018312,-5.4803276,8.669404,0.081855945,0.18203785,0.02565634,-2.34,7.98,-34.14,89
1736781839475,0.0,0.0,88.0,-2.9999347,-2.468422,8.013393,-0.22479841,-0.07696902,0.32742378,4.7999997,3.1799998,-32.64,89
1736781840497,0.0,0.0,87.0,-2.327164,-2.9855695,9.437943,-0.1600467,0.19547687,-1.5515977,1.3199999,5.7599998,-30.96,100
1736781842515,0.0,0.0,87.0,-1.6232687,-5.729325,7.5201874,0.07574729,-0.2932153,0.0720821,7.8599997,10.559999,-29.34,104
1736781843519,0.0,0.0,87.0,-2.9017725,-2.231396,10.400413,1.7605137,0.44226643,-0.39828414,8.099999,9.9,-29.699999,106
1736781844538,0.0,0.0,88.0,-0.36870706,1.6065093,8.841787,-0.09285152,-0.22602014,-0.0036651916,0.17999999,-11.46,-34.92,108
1736781846555,0.0,0.0,88.0,-2.0231004,-2.5115175,7.9631147,-0.42149702,-0.26389378,-0.5888741,15.36,11.34,-32.04,112
1736781847558,0.0,0.0,88.0,-0.80445176,-4.2664676,9.828198,-0.453262,0.064751714,0.62796944,5.58,7.2,-38.579998,116
1736781848579,0.0,0.0,88.0,-2.087744,-3.5936968,9.713276,0.12339478,0.2846632,-0.27000242,10.679999,8.5199995,-34.92,118
1736781849582,0.0,0.0,89.0,-3.70383,-2.6910827,9.433155,0.35185838,0.10751228,-0.4373795,13.98,5.8799996,-39.899998,120
1736781850605,0.0,0.0,90.0,-3.9791632,-2.396596,6.7564373,0.2883284,-0.29932398,-0.29077184,12.54,6.12,-41.76,122
1736781851609,0.0,0.0,90.0,-3.0119057,-4.220978,7.6973586,-0.11728613,0.17470746,-0.9957104,15.42,9.12,-39.96,124
1736781852623,0.0,0.0,90.0,-3.3997664,-3.1962593,9.725247,-0.44593164,0.14660765,0.056199603,8.82,2.46,-42.12,128
1736781853625,0.0,0.0,91.0,-3.406949,-5.8801594,11.161768,-0.037873644,-0.172264,0.625526,12.96,11.639999,-37.92,130
1736781854647,0.0,0.0,92.0,-5.9041014,-5.920861,10.716447,-0.1160644,0.057421334,-0.39095375,6.8999996,16.74,-39.059998,133
1736781855650,0.0,0.0,93.0,-3.7493198,-5.583278,10.79785,0.4129449,0.09773844,-0.25534168,14.16,13.62,-38.76,135
1736781856689,0.0,0.0,94.0,-4.6040497,-4.771644,9.234436,-0.6585127,-0.4654793,0.43493605,11.46,9.0,-39.18,137
1736781857696,0.0,0.0,95.0,-5.6335564,-5.341464,11.815386,0.3640757,0.22113322,0.1685988,4.08,10.08,-41.28,139
1736781858741,0.0,0.0,96.0,-1.9009962,-5.410896,11.33894,-1.0152581,-0.2968805,0.13194689,-2.1,8.639999,-41.7,141
1736781859753,0.0,0.0,96.0,-6.3111157,-5.0254292,10.84334,0.5693264,0.33841935,-0.04520403,-8.16,6.8999996,-41.76,143
1736781860800,0.0,0.0,96.0,-5.509058,-5.1930237,10.534488,-0.33841935,-0.18081611,-0.17470746,-1.38,5.16,-38.04,145
1736781861806,0.0,0.0,96.0,-5.997475,-4.8123455,12.143391,0.54244834,0.3200934,0.30543262,-4.14,4.56,-37.2,147
1736781862860,0.0,0.0,96.0,-3.9384618,-3.7828386,10.649409,-0.39828414,0.09162979,-0.07086037,-0.35999998,0.42,-33.899998,149
1736781863870,0.0,0.0,96.0,-5.923255,-5.6527104,11.810597,0.3726278,0.27977628,-0.07819075,-4.7999997,3.9599998,-34.8,152
1736781864917,0.0,0.0,97.0,-5.0757074,-5.3438582,12.210428,-0.1282817,-0.032986723,0.25900686,0.42,0.35999998,-31.56,154
1736781865929,0.0,0.0,97.0,-2.0398598,-4.5633483,9.880871,0.48380527,0.0012217305,0.039095376,-1.68,3.48,-30.539999,156
1736781866953,0.0,0.0,98.0,-0.5482722,-2.9879637,8.89446,0.3921755,-0.059864793,-1.4905112,-2.82,-4.68,-30.66,158
1736781867957,0.0,0.0,99.0,-2.4516625,0.82599956,5.8107276,-0.72692966,-0.31887165,-0.13194689,5.4,-5.52,-29.16,161
1736781868981,0.0,0.0,100.0,1.3192052,-1.3263878,9.528923,0.37384954,0.13439035,0.05375614,4.7999997,-3.36,-27.96,164
1736781869984,0.0,0.0,102.0,-1.4676456,-3.3973722,9.3421755,-0.3408628,0.0036651916,0.13683382,5.2799997,5.46,-28.32,168
1736781871015,0.0,0.0,104.0,-1.8411411,-3.8235402,9.239224,0.23701571,0.15393804,-0.93951076,16.8,5.22,-21.779999,168
1736781873039,0.0,0.0,106.0,-1.6950948,-3.5338416,8.762778,-0.19303341,-0.018325957,0.2321288,11.88,16.14,-23.519999,168
1736781874742,0.0,0.0,108.0,-1.115698,-4.2185836,9.655815,-0.0012217305,0.096516706,0.39828414,12.84,13.259999,-24.06,168
1736781875802,0.0,0.0,108.0,-0.6536171,-4.2185836,9.112331,0.0012217305,0.036651913,0.13927728,15.48,11.04,-25.38,168
1736781876852,0.0,0.0,108.0,-1.8507179,-3.1627405,9.854534,-0.08674286,0.40194935,-0.05497787,17.1,8.04,-26.699999,168
1736781878024,0.0,0.0,108.0,-0.23463176,-4.661511,9.251195,-0.0012217305,-0.29810223,0.50946164,13.98,14.28,-27.84,168
1736781879049,0.0,0.0,108.0,-0.557849,-4.1395745,9.526528,0.13927728,-0.02076942,0.15027285,12.0,13.2,-30.119999,168
1736781880096,0.0,0.0,108.0,-0.46686932,-3.691859,9.105149,0.09285152,0.035430185,-0.0036651916,11.16,12.24,-31.14,168
1736781881147,0.0,0.0,107.0,-0.56982,-4.4939165,8.3868885,0.07941248,-0.012217305,0.29932398,10.559999,14.28,-32.399998,168
1736781882183,0.0,0.0,107.0,-0.18435353,-4.6279917,8.6334915,0.052534413,0.0061086523,-0.3848451,12.059999,15.12,-29.82,168
1736781883214,0.0,0.0,106.0,-1.4197617,-2.705448,9.210494,0.21868975,-0.15027285,0.013439035,12.66,12.54,-30.48,168
1736781884235,0.0,0.0,105.0,-0.8331822,-3.9911342,8.949526,-0.12950343,0.018325957,-0.25411993,13.92,9.24,-31.679998,168
1736781885250,0.0,0.0,105.0,-1.2449849,-4.0533834,8.983045,0.0012217305,-0.41905355,0.2846632,15.54,4.7999997,-30.96,168
1736781886289,0.0,0.0,105.0,-0.6895301,-4.209007,9.210494,-0.2406809,-0.29077184,-0.31520647,16.56,-1.1999999,-32.34,168
1736781887313,0.0,0.0,105.0,-0.9864111,-5.2528787,9.888053,0.2565634,0.23579398,-0.8014552,14.88,2.22,-33.42,168
1736781888355,0.0,0.0,105.0,-2.8299465,-3.5697548,10.2735195,0.33841935,0.056199603,-0.8210029,14.88,4.92,-33.96,168
1736781889378,0.0,0.0,106.0,-0.58657944,-3.6535518,9.864111,0.22724187,0.3726278,0.22357668,9.84,5.8199997,-35.399998,168
1736781890413,0.0,0.0,107.0,-1.5251064,-4.7907977,8.413225,-0.009773844,-0.0036651916,-0.82833326,15.719999,3.6,-33.36,168
1736781891419,0.0,0.0,108.0,-2.7030537,0.51954174,7.8529816,2.4678955,-0.68661255,-0.30665436,16.98,8.099999,-31.32,168
1736781892444,0.0,0.0,109.0,-1.9201498,3.550601,9.224859,-0.23335053,0.04153884,-0.07696902,14.7,-23.699999,-24.96,172
1736781893452,0.0,0.0,110.0,-1.6232687,3.5290532,9.181764,-0.0720821,-0.07819075,0.02076942,14.94,-15.66,-28.619999,172
1736781894468,0.0,0.0,110.0,-1.1779473,4.0462008,9.0237465,0.103847094,0.052534413,0.11484267,16.44,-17.76,-28.38,172
1736781895486,0.0,0.0,110.0,-1.5658079,4.237737,9.102755,0.0036651916,0.043982297,0.04642576,15.299999,-20.88,-26.699999,172
1736781896505,0.0,0.0,110.0,-1.3383588,3.9624038,8.791509,-0.14294247,-0.036651913,0.02443461,13.74,-19.98,-27.9,172
1736781897521,0.0,0.0,110.0,-0.37588966,4.268862,8.394072,0.052534413,-0.007330383,-0.007330383,16.02,-21.48,-27.42,172
1736781898546,0.0,0.0,109.0,-1.2761095,3.9671922,9.14585,0.0012217305,-0.015882496,-0.004886922,14.46,-20.1,-27.119999,172
1736781900563,0.0,0.0,105.0,-0.8643068,3.8881836,9.193734,0.036651913,-0.015882496,0.007330383,12.9,-20.64,-27.9,172
1736781901591,0.0,0.0,102.0,-0.79726917,4.1491513,9.179369,0.10140363,-0.10140363,-0.13805555,10.08,-20.64,-29.4,172
1736781902614,0.0,0.0,99.0,-0.62488663,4.048595,9.277532,-0.02565634,-0.061086524,-0.02565634,9.719999,-19.199999,-29.34,172
1736781903618,0.0,0.0,97.0,0.20829555,2.858677,9.811439,0.06719518,0.19914207,-0.017104227,7.14,-16.92,-31.26,172
1736781904639,0.0,0.0,95.0,-0.51714754,3.9911342,9.167398,0.032986723,0.019547688,-0.12583824,8.28,-17.4,-30.84,172
1736781906659,0.0,0.0,91.0,-0.32321724,3.2872388,9.284714,-0.062308256,-0.010995574,0.013439035,9.66,-20.34,-28.26,172
1736781907663,0.0,0.0,90.0,-0.09816227,3.8019924,9.476251,0.052534413,-0.0036651916,-0.002443461,9.059999,-20.16,-29.64,172
1736781908686,0.0,0.0,88.0,-0.20111294,3.4332852,9.263166,-0.008552114,0.064751714,0.089186326,7.02,-18.119999,-31.08,172
1736781910712,0.0,0.0,86.0,-5.2863975,-1.9177556,10.812215,0.45937067,-0.089186326,-0.13805555,17.46,-2.7,-29.46,172
1736781911714,0.0,0.0,85.0,-0.6823475,4.10845,9.196129,-0.07086037,0.07941248,0.013439035,1.4399999,-27.9,-27.06,172
1736781912738,0.0,0.0,84.0,-1.0007763,0.37349546,9.931149,-0.04886922,0.064751714,0.081855945,-0.17999999,-22.14,-31.019999,172
1736781913741,0.0,0.0,83.0,-1.721431,0.4261679,9.964667,0.0,0.042760566,-0.032986723,1.02,-16.14,-33.84,172
1736781914763,0.0,0.0,83.0,-1.8674773,0.62009823,9.864111,0.035430185,0.029321533,-0.02443461,2.04,-15.96,-33.18,172
1736781915766,0.0,0.0,82.0,-1.4389153,-0.41180268,9.864111,0.035430185,-0.019547688,0.0,1.3199999,-14.46,-34.26,172
1736781916791,0.0,0.0,81.0,0.05267244,1.0941502,10.175357,0.14538592,-0.0720821,-0.09285152,-2.1,-15.36,-35.04,172
1736781918842,0.0,0.0,80.0,-0.81881696,3.7421372,9.502586,-0.030543262,0.103847094,-0.0012217305,3.9599998,-26.22,-28.619999,172
1736781919853,0.0,0.0,80.0,-0.7589619,-3.5889084,9.849746,-1.9437732,-0.8026769,1.6554449,3.48,-20.16,-32.219997,172
1736781920903,0.0,0.0,80.0,2.9137435,-2.8203697,7.9870567,-0.31031954,-0.12339478,0.95294976,-6.42,-8.88,-35.04,172
1736781921914,0.0,0.0,80.0,0.32321724,-4.7022123,7.8290396,1.1533136,-1.328021,2.950479,-21.3,-6.3599997,-35.28,172
1736781922969,0.0,0.0,81.0,-2.1643584,-3.181894,8.815451,0.17104226,0.08307768,-0.080634214,-18.42,7.56,-34.62,172
1736781923980,0.0,0.0,81.0,-2.846706,-3.1555579,9.004593,0.19792034,0.12217305,-0.643852,-8.7,9.84,-36.42,172
1736781925031,0.0,0.0,82.0,-1.5466543,1.769315,9.459491,3.7140608,-1.7983873,-1.5699236,-0.78,4.62,-36.12,172
1736781926043,0.0,0.0,83.0,-0.6703765,3.8307228,9.323022,-0.05009095,0.14905111,0.1160644,-3.12,-32.28,-22.5,172
1736781927095,0.0,0.0,84.0,4.1132383,0.06943185,6.2847795,1.2767084,0.5876524,-0.2406809,-9.3,-24.6,-25.74,172
1736781928123,0.0,0.0,85.0,1.1563994,-3.2968156,9.543288,-0.040317107,-0.062308256,0.3323107,-16.02,5.3399997,-27.0,172
1736781929150,0.0,0.0,85.0,1.7022774,-2.585738,9.655815,-0.004886922,-0.17470746,0.376293,-16.199999,8.22,-28.26,172
1736781931171,0.0,0.0,84.0,-0.36391866,-4.084508,11.408371,0.30176744,0.05131268,-0.2284636,-13.44,17.88,-25.92,172
1736781932174,0.0,0.0,84.0,0.7445967,-4.146757,10.184934,0.028099801,0.10751228,0.10140363,-12.78,18.42,-25.68,172
1736781933197,0.0,0.0,84.0,-0.34237084,-3.383007,11.575965,0.40439278,-0.19058995,-0.56688297,-16.08,10.8,-29.699999,172
1736781935225,0.0,0.0,85.0,0.4189853,-3.1268275,9.406818,-0.009773844,0.002443461,-0.06841691,-17.58,15.48,-25.8,172
1736781936227,0.0,0.0,86.0,1.1133038,-2.1212628,12.552799,0.95294976,0.36285394,-0.41905355,-20.82,9.48,-27.06,172
1736781937250,0.0,0.0,86.0,-0.49799395,3.5745432,9.605537,-0.019547688,0.15027285,0.059864793,-18.3,-21.119999,-26.099998,172
1736781939276,0.0,0.0,86.0,-0.94570965,-3.6607344,8.978256,-0.119729586,-0.017104227,-0.062308256,-11.639999,7.14,-30.3,172
1736781941304,0.0,0.0,86.0,-0.49559975,-5.0541596,8.073248,-0.16126843,-0.013439035,-0.029321533,-13.679999,17.22,-26.34,172
1736781942307,0.0,0.0,86.0,-0.545878,-4.951209,8.884883,-0.06719518,-0.061086524,0.13561209,-15.12,15.059999,-25.74,172
1736781943331,0.0,0.0,86.0,-0.5602432,-3.7948096,9.105149,0.035430185,-0.0012217305,0.12583824,-13.139999,17.76,-24.24,172
1736781945359,0.0,0.0,85.0,-0.81642276,-3.8905778,9.088389,-0.09773844,-0.10873401,0.008552114,-13.679999,13.799999,-26.039999,172
1736781946362,0.0,0.0,84.0,-1.0606314,-4.570531,9.911995,-0.013439035,-0.13927728,-0.23701571,-14.4,19.8,-22.619999,172
1736781947387,0.0,0.0,83.0,1.7932571,-6.081272,9.308656,0.07941248,-0.31887165,0.48502702,-16.5,25.019999,-18.0,172
1736781948390,0.0,0.0,82.0,-0.39743748,-5.554548,7.431602,-0.02687807,0.33964106,-0.9431759,-13.08,26.039999,-16.619999,172
1736781949440,0.0,0.0,82.0,1.376666,-4.2425256,9.55047,-0.20769419,0.48258355,0.03176499,-15.9,18.66,-19.199999,172
1736781950449,0.0,0.0,81.0,0.9744401,-5.032612,9.775525,0.15760323,-0.6621779,-0.1001819,-15.599999,13.86,-19.199999,172
1736781951492,0.0,0.0,80.0,-0.49320555,-5.3486466,8.767567,0.33353242,0.20891592,-0.5412266,-12.3,16.32,-19.38,172
1736781952503,0.0,0.0,79.0,0.9624691,-4.3406878,10.093954,-0.2003638,0.50335294,0.50579643,-15.059999,14.759999,-23.4,172
1736781953553,0.0,0.0,78.0,1.2976574,-5.6670756,10.589554,0.26511553,-0.17592919,0.44104472,-16.32,12.48,-28.32,172
1736781954559,0.0,0.0,78.0,0.31124622,-4.1060557,8.406042,0.09162979,-0.5876524,-0.44104472,-14.46,16.92,-28.98,172
1736781955604,0.0,0.0,76.0,0.5434838,-3.289633,9.950302,-0.204029,0.38728857,0.29443705,-16.56,15.24,-30.48,172
1736781956637,0.0,0.0,76.0,0.91937345,-4.144363,9.603143,-0.28221974,-0.09285152,0.41538838,-13.98,14.04,-29.34,172
1736781957687,0.0,0.0,77.0,-0.6919243,-4.6255975,12.378023,0.3371976,-0.2724459,-0.45204028,-10.86,18.66,-27.84,172
1736781958700,0.0,0.0,77.0,1.6639702,-3.8474822,10.041282,0.014660766,-0.28710666,-0.43493605,-14.46,16.38,-30.9,183
1736781959726,0.0,0.0,77.0,0.90740246,-5.602432,8.62152,0.625526,0.48258355,0.0012217305,-17.76,17.34,-32.04,188
1736781960729,0.0,0.0,77.0,0.4165911,-4.3646297,8.178593,0.40439278,-0.05009095,-0.4886922,-19.74,22.5,-30.48,190
1736781961751,0.0,0.0,77.0,0.37828386,-3.3734303,7.1945763,0.23457226,-0.5888741,-0.13561209,-20.64,15.78,-34.739998,194
1736781962753,0.0,0.0,77.0,2.1978772,-3.5314474,8.269572,0.45814893,-0.49602258,-0.97494096,-22.92,13.98,-32.16,194
1736781963777,0.0,0.0,76.0,2.1428106,-4.0318356,5.872977,0.2724459,0.06963864,0.18203785,-24.359999,8.16,-32.1,197
1736781965807,0.0,0.0,75.0,0.8571242,-3.5075054,7.785944,-0.50701815,0.08552113,-0.6768387,-17.52,11.82,-27.24,203
1736781967833,0.0,0.0,76.0,-0.2657564,-3.2561142,9.205706,-0.11362094,-0.04642576,-0.3921755,4.38,27.539999,-21.84,208
1736781969859,0.0,0.0,76.0,-0.10534488,-4.4675803,8.5473,0.08674286,0.51068336,-0.7086037,-4.62,25.38,-25.199999,209
1736781971884,0.0,0.0,78.0,0.30406362,-4.173094,7.323863,0.80756384,-0.79045963,-0.77824235,-2.58,24.48,-27.96,209
1736781972888,0.0,0.0,78.0,-1.0773908,-3.2106245,7.0126166,-0.18203785,-0.19425514,0.12339478,-15.48,17.34,-33.3,209
1736781973911,0.0,0.0,79.0,-0.81881696,-7.28795,8.827422,0.27122417,0.3726278,0.059864793,-15.66,20.22,-31.56,209
1736781975934,0.0,0.0,79.0,-0.7541735,-4.414908,9.68694,-0.39461896,0.08674286,0.32986724,-11.46,16.56,-32.7,209
1736781977961,0.0,0.0,81.0,-1.2497733,-3.787627,8.444349,-1.0274754,0.24556783,-0.05131268,-8.22,16.199999,-35.219997,209
1736781978964,0.0,0.0,82.0,-0.51714754,-4.295198,9.370906,-0.052534413,0.3848451,-0.16249016,-4.98,20.46,-33.48,216
1736781979982,0.0,0.0,82.0,1.6065093,-4.5441947,7.9104424,-0.6072,-0.105068825,0.17470746,-15.54,12.9,-33.719997,218
1736781981011,0.0,0.0,83.0,0.8810662,-4.6686935,8.499416,-0.019547688,-0.0012217305,0.10751228,-17.039999,15.66,-29.4,220
1736781982055,0.0,0.0,83.0,0.20829555,-4.745308,9.294291,0.15149458,-0.13927728,0.47403142,-15.179999,13.38,-28.859999,222
1736781983061,0.0,0.0,83.0,-0.7254431,-5.2002063,11.362882,0.2687807,0.18081611,-0.59498274,-10.44,19.619999,-28.32,224
1736781984099,0.0,0.0,84.0,-0.48841715,-4.7022123,7.48188,-0.26511553,-0.30298916,0.05375614,-11.94,18.779999,-29.88,226
1736781985111,0.0,0.0,85.0,1.8004397,-5.2145715,6.9743094,-0.84665924,-0.10262536,-0.08674286,-14.58,20.58,-30.06,228
1736781986121,0.0,0.0,86.0,-0.12210429,-3.3327289,9.593566,-0.45081854,0.43493605,0.14660765,-17.1,20.699999,-32.04,232
1736781987139,0.0,0.0,87.0,1.3790601,-6.2991447,7.9583263,-0.09407325,-0.05131268,0.57910025,-17.88,19.74,-31.859999,234
1736781988184,0.0,0.0,88.0,-0.79726917,-5.3366756,8.50181,0.036651913,0.12217305,-0.33353242,-18.6,19.74,-30.84,236
1736781989194,0.0,0.0,90.0,0.7350199,-6.277597,9.507375,-0.14660765,-0.15393804,-0.06719518,-18.9,10.32,-25.38,238
1736781990215,0.0,0.0,91.0,-1.3311762,-6.979098,10.376471,0.31520647,0.3286455,-0.66339964,-15.179999,10.08,-23.88,241
1736781991219,0.0,0.0,92.0,0.9600749,-7.03177,8.595184,0.081855945,-0.27366763,-0.4202753,-9.96,9.3,-19.619999,241
1736781993038,0.0,0.0,92.0,0.23702596,-4.5394063,6.8785415,0.52534413,0.018325957,-0.6377433,-13.98,18.9,-13.44,241
1736781994430,0.0,0.0,92.0,2.1643584,-6.3302693,6.203377,-0.25411993,0.10629055,-0.5546656,-10.26,11.34,-27.42,241
1736781996237,0.0,0.0,92.0,1.3383588,-6.919243,6.775591,0.02076942,-0.05375614,-0.07452556,0.12,13.0199995,-28.98,241
1736781998029,0.0,0.0,92.0,2.0446482,-6.7133417,7.192182,0.014660766,0.119729586,0.080634214,-3.9599998,10.5,-29.22,241
1736781999042,0.0,0.0,93.0,-0.1364695,3.8235402,9.184157,-0.032986723,0.0,0.012217305,12.36,-28.8,-19.5,247
1736782000061,0.0,0.0,93.0,-0.50278234,4.074931,9.157822,0.02076942,0.037873644,0.111177474,13.08,-29.16,-18.779999,247
1736782001085,0.0,0.0,94.0,-0.33039984,4.1635165,9.143456,0.02321288,0.02443461,0.061086524,10.32,-29.82,-18.84,247
1736782002087,0.0,0.0,94.0,-0.7254431,4.381389,9.234436,0.02321288,0.12217305,0.21868975,9.42,-30.779999,-17.64,247
1736782003112,0.0,0.0,93.0,-0.25857377,4.4795513,8.853758,0.04642576,0.052534413,0.1160644,5.58,-32.04,-17.94,247
1736782005138,0.0,0.0,91.0,-1.6328455,3.620033,8.750807,-0.14660765,0.16126843,0.32986724,-3.84,-26.58,-22.98,247
1736782006141,0.0,0.0,90.0,-1.0941502,3.8283286,9.481039,-0.19792034,0.10873401,0.46181414,-2.04,-18.06,-29.279999,247
1736782007162,0.0,0.0,89.0,-4.5298295,-3.3183637,9.3661175,0.31520647,-0.61086524,0.14294247,7.44,7.62,-28.56,247
1736782009188,0.0,0.0,89.0,-1.6998832,-4.3167458,7.872135,-0.54367006,0.22968534,-0.5119051,6.8399997,21.72,-29.22,247
1736782011242,0.0,0.0,88.0,-2.2888567,-3.4715924,10.362105,-0.93218035,-0.9651671,0.42760566,-7.74,-2.6399999,-36.48,247
1736782012249,0.0,0.0,87.0,-3.3973722,-3.9959226,9.662998,0.675617,0.20158553,-0.8356637,-2.7,22.38,-32.1,247
1736782013298,0.0,0.0,87.0,-2.7341783,-2.7461493,10.067618,0.035430185,-0.43127087,0.2761111,-13.08,14.7,-33.54,247
1736782014309,0.0,0.0,87.0,-2.7748797,-2.0901382,12.4785795,-0.2687807,-0.16249016,0.8857546,-14.5199995,11.639999,-32.76,247
1736782015366,0.0,0.0,86.0,-1.946486,-2.5234885,10.96305,1.7690657,-0.056199603,-2.0867157,-6.0,17.34,-30.3,258
1736782016375,0.0,0.0,86.0,-0.90500826,4.345476,10.33098,-0.040317107,0.0842994,-0.034208454,-19.619999,-24.359999,-23.46,262
1736782017429,0.0,0.0,85.0,-2.552219,-2.348712,6.6630635,-0.36651915,-0.5852089,0.32620203,-11.28,-2.1599998,-32.1,264
1736782018441,0.0,0.0,85.0,-0.8810662,-2.7389667,9.354146,-0.4654793,-0.07696902,-0.8197812,-3.72,11.16,-27.779999,266
1736782019485,0.0,0.0,85.0,-2.825158,-6.126762,11.801021,0.18081611,-0.2968805,-0.42638394,3.72,10.62,-25.08,270
1736782020497,0.0,0.0,84.0,-1.520318,-3.0382419,8.4108305,-0.7330383,0.675617,1.0616838,-0.17999999,18.9,-27.72,272
1736782021507,0.0,0.0,84.0,-2.6719291,-2.006341,10.014946,-0.5900958,0.36651915,-0.7293731,3.72,21.42,-27.9,276
1736782022510,0.0,0.0,84.0,-1.1468226,-3.8642416,6.114791,-0.3885103,-0.56321776,-0.9211848,2.46,24.0,-27.42,278
1736782023519,0.0,0.0,85.0,-2.1523874,-3.0550013,7.299921,-0.7489208,0.23701571,0.6560693,-0.96,18.539999,-31.92,282
1736782025542,0.0,0.0,87.0,-3.4452562,-5.3582234,9.344569,0.5900958,-0.62796944,-0.42760566,2.52,25.5,-28.32,286
1736782026546,0.0,0.0,87.0,-2.3175871,-3.347094,7.479486,0.12217305,-0.09285152,0.12339478,-8.94,21.72,-30.24,288
1736782027569,0.0,0.0,88.0,-1.271321,-3.7660792,9.617508,-0.5009095,0.14294247,-0.38606682,-7.7999997,21.359999,-29.64,290
1736782029593,0.0,0.0,88.0,-2.4420857,-4.012682,7.943961,-0.16249016,-0.9761627,0.84421575,-3.24,16.56,-32.1,297
1736782031601,0.0,0.0,88.0,-1.5586253,-4.0174704,10.414778,-0.087964594,0.55955255,0.3811799,-8.04,17.039999,-29.16,303
1736782032605,0.0,0.0,88.0,-1.5035586,-4.072537,10.527305,0.40683624,-0.096516706,0.32375857,-3.6599998,9.78,-31.8,306
1736782033627,0.0,0.0,88.0,-1.30484,-1.5873557,7.3525934,0.7696902,-0.16737708,-1.8093829,-6.0,13.38,-29.099998,308
1736782034628,0.0,0.0,88.0,-2.7102363,1.7477672,9.234436,0.21746802,0.042760566,-0.29443705,-4.74,-10.139999,-37.8,310
1736782036636,0.0,0.0,88.0,0.51954174,-7.2831616,5.0038815,0.32986724,-0.013439035,-0.019547688,-18.84,22.74,-12.66,317
1736782037660,0.0,0.0,88.0,-0.038307227,1.1779473,9.909601,-0.16982053,-0.4129449,-0.22724187,-9.48,1.86,-31.74,319
1736782039688,0.0,0.0,89.0,-0.92895025,-3.5649664,8.26239,-0.516792,-0.096516706,-1.2009611,-3.84,8.7,-32.34,323
1736782040691,0.0,0.0,89.0,-0.4333505,-2.8682537,10.670957,-0.095294975,0.14538592,0.8906415,-8.76,9.78,-33.42,328
1736782041736,0.0,0.0,91.0,-1.3790601,1.9249382,10.0748005,0.118507855,-0.12339478,0.007330383,-5.46,0.42,-36.0,330
1736782042747,0.0,0.0,92.0,-1.6711528,-5.0278234,8.171411,1.3292428,0.535118,-0.18081611,-0.65999997,16.619999,-29.939999,332
1736782043787,0.0,0.0,93.0,-0.91219085,-4.0198646,9.334992,-0.956615,0.8539896,1.3683381,-9.24,15.66,-31.8,337
1736782044818,0.0,0.0,93.0,-0.90979666,-6.3470287,10.730812,-0.004886922,-0.6218608,-0.118507855,-10.2,18.66,-29.46,339
1736782045862,0.0,0.0,94.0,-2.2577322,-6.184223,7.015011,0.8258898,0.548557,-1.2131784,-5.64,28.8,-22.68,341
1736782046872,0.0,0.0,94.0,-0.33039984,-6.76362,8.9040365,-0.535118,0.9089675,0.24678956,-14.16,20.1,-29.699999,345
1736782047920,0.0,0.0,94.0,0.93134445,-7.225701,8.130709,-0.16493362,-0.26389378,0.6597345,-9.54,17.58,-30.359999,347
1736782048927,0.0,0.0,94.0,-0.21547815,-7.041347,8.875306,0.056199603,0.17837265,-0.32253686,-10.26,19.98,-28.56,350
1736782049991,0.0,0.0,93.0,-1.0055647,-5.0900726,6.0836663,0.57543504,-0.6805039,0.047647487,-12.84,16.26,-32.399998,352
1736782050996,0.0,0.0,93.0,1.0941502,-6.009446,6.4547677,-0.30909783,-0.096516706,-0.6059783,-13.139999,14.759999,-25.439999,354
1736782052010,0.0,0.0,93.0,1.4867992,-8.305486,9.165004,-0.70005155,-0.6035349,-0.02321288,-17.16,11.94,-23.939999,358
1736782054038,0.0,0.0,93.0,0.31364042,-5.3582234,6.969521,-0.19792034,0.112399206,-0.643852,-10.2,19.619999,-17.82,362
1736782056062,0.0,0.0,93.0,0.8810662,-6.2728086,9.548077,0.267559,-0.50823987,-0.112399206,-12.059999,17.4,-21.42,368
1736782057065,0.0,0.0,93.0,0.33758244,-6.114791,7.8888946,0.54733527,0.16982053,-0.5143485,-9.54,20.939999,-18.96,370
1736782058080,0.0,0.0,93.0,2.1308396,-3.1483753,7.7428484,-0.28099802,0.44104472,0.5448918,-11.88,22.68,-17.64,374
1736782060101,0.0,0.0,92.0,1.4173675,-5.645528,7.1131735,0.39706242,-0.013439035,-0.65118235,-11.639999,22.859999,-18.24,378
1736782062128,0.0,0.0,91.0,2.7246015,-3.70383,8.731653,-0.35308012,0.14660765,0.013439035,-15.12,20.58,-19.56,382
1736782064154,0.0,0.0,91.0,1.6567876,-6.43322,10.261548,0.27488935,-0.018325957,-0.40439278,-13.92,20.58,-20.039999,389
1736782066181,0.0,0.0,91.0,1.6232687,-3.8235402,8.9519205,-0.09896017,0.2932153,0.8918633,-12.78,22.8,-17.4,393
1736782067184,0.0,0.0,91.0,2.3175871,-7.9583263,5.3079453,-0.36285394,-0.6243043,0.30543262,-9.24,23.88,-17.4,397
1736782068205,0.0,0.0,91.0,-0.50278234,-2.5833437,7.419631,0.42271876,0.48624873,-0.84421575,-8.28,26.699999,-11.58,400
1736782070224,0.0,0.0,90.0,1.0654198,-5.422867,11.200075,0.13439035,0.40561453,0.51923543,-5.16,17.88,-21.42,406
1736782071227,0.0,0.0,90.0,-0.2873042,-3.145981,7.6949644,0.030543262,0.5742133,-0.86132,-1.38,16.68,-21.72,408
1736782072242,0.0,0.0,90.0,-0.9911995,-5.45878,10.879252,-0.059864793,-0.0842994,0.784351,-2.3999999,13.62,-25.92,412
1736782073274,0.0,0.0,90.0,-2.2888567,-4.3742065,8.030152,0.13683382,-0.6914995,-0.7134906,-3.6599998,14.82,-26.46,414
1736782074319,0.0,0.0,90.0,-1.3263878,-5.439626,8.748413,-0.25900686,0.15271631,-0.6536258,-2.8799999,19.74,-24.66,416
1736782075354,0.0,0.0,90.0,0.81642276,-4.759673,6.5720835,-0.28221974,-0.47403142,-0.65240407,-5.8799996,19.859999,-26.039999,420
1736782076369,0.0,0.0,89.0,-0.770933,-4.4699745,10.589554,-0.08307768,-0.20647246,0.2883284,-5.3399997,20.16,-27.359999,424
1736782077381,0.0,0.0,89.0,-2.123657,-0.7781156,8.549694,2.7953193,-0.09162979,-1.4880677,-9.0,19.02,-27.48,426
1736782078431,0.0,0.0,89.0,-3.3662477,-5.0421886,9.02614,-0.42638394,-1.1337659,0.33964106,-3.9599998,5.22,-31.08,430
1736782079443,0.0,0.0,89.0,-3.1364043,-6.2728086,6.9599442,1.2156218,0.23823744,-0.6414085,1.92,23.58,-28.439999,434
1736782080464,0.0,0.0,88.0,-0.94092125,-4.39336,9.727641,-0.14294247,0.79412484,0.87964594,-5.8199997,19.38,-28.619999,438
1736782081474,0.0,0.0,89.0,-2.870648,-3.2704794,9.131485,-0.6951646,-0.80878556,0.19914207,-9.48,20.82,-26.64,440
1736782082499,0.0,0.0,89.0,-0.830788,-4.620809,8.360553,0.3359759,0.29077184,0.073303826,-0.9,27.66,-21.3,443
1736782084523,0.0,0.0,90.0,-0.39743748,-4.4196963,9.43076,-0.6536258,0.93218035,0.784351,-11.82,22.439999,-20.64,449
1736782085526,0.0,0.0,90.0,-0.45250413,-4.096479,10.773908,-0.14660765,0.26145032,0.61575216,1.1999999,32.219997,-12.66,453
1736782086546,0.0,0.0,91.0,-0.521936,-5.2744265,7.129933,0.97494096,-0.13194689,-0.49235737,8.82,32.82,-11.34,455
1736782088571,0.0,0.0,92.0,-2.2960393,-0.20590134,9.215282,-1.423316,0.034208454,1.4514158,-11.94,8.46,-34.26,461
1736782090599,0.0,0.0,92.0,0.9648633,-4.3023806,7.7787614,0.18936823,-0.82344633,-0.35430184,1.4399999,29.88,-16.8,468
1736782091603,0.0,0.0,92.0,1.970428,-4.5633483,8.801085,-0.5852089,0.8222246,-0.22357668,-5.7599998,32.16,-16.74,470
1736782092611,0.0,0.0,91.0,0.7230489,-4.1946416,9.44752,-0.44104472,0.07086037,-0.18203785,-15.599999,29.22,-17.1,474
1736782094639,0.0,0.0,91.0,0.11252748,-5.566519,9.742006,-0.5021312,0.5155703,0.8368854,-14.099999,24.24,-14.58,480
1736782095641,0.0,0.0,90.0,-1.7166426,-6.4068837,12.887988,0.9639453,0.3921755,0.49113566,-9.78,22.859999,-15.66,482
1736782096651,0.0,0.0,90.0,-0.19153613,-3.4715924,6.471527,0.032986723,0.009773844,-0.3323107,-12.36,16.619999,-18.42,484
1736782097653,0.0,0.0,90.0,1.388637,-3.70383,5.949591,1.0751228,-0.11362094,0.10140363,-18.96,15.42,-18.96,488
1736782098675,0.0,0.0,90.0,1.1923125,-4.3742065,5.315128,-0.14049901,0.51068336,-1.1301007,-17.16,22.02,-22.98,492
1736782099679,0.0,0.0,90.0,0.5291186,-7.1155677,8.599973,0.5412266,0.5021312,-0.6743952,-27.3,11.4,-23.1,496
1736782100699,0.0,0.0,90.0,-1.3120226,-9.91439,11.650186,0.43371433,-0.08307768,-0.4288274,-16.619999,23.64,-15.54,500
1736782102775,0.0,0.0,91.0,1.4341269,-3.3638535,11.453861,0.55955255,0.7538077,1.6358972,-18.18,14.5199995,-20.88,506
1736782103804,0.0,0.0,91.0,-1.8483237,4.8985367,10.409989,0.04520403,-0.32986724,-0.41783184,-13.139999,-8.639999,-30.42,508
1736782104869,0.0,0.0,92.0,0.45968673,5.243302,9.7084875,0.21380283,-0.17837265,-0.021991149,-16.859999,-13.799999,-29.099998,512
1736782105898,0.0,0.0,92.0,-1.2162545,2.731784,8.628703,-0.49235737,-0.204029,-0.05497787,-16.74,-13.0199995,-31.32,514
1736782106956,0.0,0.0,92.0,-0.6536171,3.0358477,9.828198,0.05497787,0.15027285,0.31642818,-15.54,-14.099999,-33.96,518
1736782107962,0.0,0.0,92.0,-0.22984336,3.41892,10.141838,-0.021991149,-0.31764993,-0.030543262,-17.4,-13.62,-34.8,520
1736782109008,0.0,0.0,92.0,-0.8810662,0.79248077,7.457938,-0.16615535,-0.61819565,0.052534413,-22.199999,-2.46,-35.399998,524
1736782110041,0.0,0.0,91.0,-1.6232687,0.45250413,11.379641,0.30298916,0.12583824,0.13805555,-20.82,7.56,-34.559998,528
1736782111095,0.0,0.0,91.0,-3.4021606,-0.6536171,11.621455,0.09407325,-0.57543504,-0.7867944,-11.88,10.92,-36.84,532
1736782112104,0.0,0.0,91.0,0.9720459,-0.90500826,9.454702,-0.25167647,-0.27977628,-0.6719518,-20.1,9.12,-33.3,537
1736782113128,0.0,0.0,91.0,-0.60094464,2.822764,9.945514,1.4611896,0.10629055,-1.5992452,-22.439999,0.59999996,-34.32,539
1736782114132,0.0,0.0,91.0,-0.9840169,-2.7461493,8.14268,-0.3371976,0.48991394,-0.6658431,-11.58,4.14,-37.68,541
1736782115154,0.0,0.0,91.0,-2.5785553,-1.9632454,9.859323,-0.009773844,-0.105068825,-0.8723156,-12.179999,-1.0799999,-39.84,545
1736782116158,0.0,0.0,91.0,-2.9975405,-2.3798366,9.7803135,-0.037873644,-0.7867944,-0.56688297,-3.9599998,-11.16,-38.579998,547
1736782117181,0.0,0.0,90.0,-2.291251,-3.41892,10.539276,-0.28099802,-0.040317107,0.50946164,-2.52,-5.46,-38.28,549
1736782118184,0.0,0.0,90.0,-1.2497733,-3.6607344,7.81228,-0.10262536,-1.2596041,-0.67073005,-0.17999999,-4.62,-40.2,553
1736782119194,0.0,0.0,89.0,-1.9321208,-2.7940333,9.555259,-0.5045747,1.1301007,1.1985176,-1.0799999,-8.94,-43.26,557
1736782120197,0.0,0.0,90.0,-1.8267759,-3.9360676,8.499416,-0.013439035,-0.7733554,-0.095294975,-4.74,-6.24,-42.54,559
1736782121217,0.0,0.0,90.0,-0.90740246,-1.9776106,8.717288,-0.23457226,0.02443461,-0.44959682,-8.34,-6.0,-41.219997,561
1736782122221,0.0,0.0,90.0,-2.6862943,-2.80361,9.437943,0.57787853,-0.31887165,-0.6585127,-7.02,-6.48,-40.8,565
1736782123235,0.0,0.0,90.0,0.33039984,-2.882619,11.398794,-0.18936823,-0.035430185,0.41416663,-5.52,-8.46,-43.26,569
1736782125259,0.0,0.0,91.0,0.7326257,-1.7645266,9.868899,-0.095294975,-0.112399206,-0.2968805,-5.3399997,-5.22,-39.96,575
1736782126263,0.0,0.0,91.0,-0.035913024,-4.7860093,8.750807,-0.46303585,-0.83077675,-0.6010914,-13.98,-8.7,-41.16,577
1736782127270,0.0,0.0,91.0,0.06464344,-4.6686935,12.040441,0.057421334,0.04886922,0.48380527,-17.88,-10.98,-41.16,581
1736782128273,0.0,0.0,91.0,-0.7206547,-1.0893618,6.9120603,0.02565634,-0.32986724,0.1881465,-10.98,-10.2,-38.94,583
1736782130281,0.0,0.0,91.0,1.6304513,-2.6982653,7.079654,-0.28221974,0.058643065,-0.63041294,-8.58,-5.3399997,-38.34,589
1736782131298,0.0,0.0,91.0,0.82360536,-2.3439236,12.301409,0.2724459,-0.32375857,0.12461651,-7.8599997,-4.5,-40.559998,593
1736782132302,0.0,0.0,91.0,-1.7908629,-0.2896984,8.11395,-1.0629056,-0.32620203,1.396438,1.4399999,-24.119999,-35.1,595
1736782133343,0.0,0.0,92.0,-2.5210943,-4.247314,12.919112,0.6621779,0.43127087,0.2565634,-7.14,-4.02,-39.6,599
1736782134352,0.0,0.0,92.0,1.2378023,-3.1052797,8.106767,0.087964594,0.46303585,0.17470746,-5.58,-1.74,-36.899998,601
1736782135407,0.0,0.0,93.0,0.32561144,-4.012682,7.687782,0.8906415,0.25045475,-0.54367006,-16.44,-6.18,-40.02,605
1736782136416,0.0,0.0,93.0,2.2146366,-2.1691468,10.278308,0.19303341,0.33475417,0.2003638,-16.02,-9.36,-45.18,609
1736782137463,0.0,0.0,93.0,2.858677,-5.0900726,10.879252,0.028099801,-0.39461896,0.7464773,-12.179999,-8.94,-46.8,611
1736782138497,0.0,0.0,92.0,1.1348516,-0.33758244,8.774749,-0.5876524,0.21746802,0.06841691,-17.64,-8.4,-44.399998,613
1736782139537,0.0,0.0,92.0,1.4772224,-3.5482068,12.016499,-0.19303341,0.095294975,-0.019547688,-26.58,-10.32,-39.42,617
1736782140549,0.0,0.0,92.0,-0.1604115,-4.225766,6.727707,-0.103847094,-0.39950588,1.455081,-30.779999,0.12,-40.2,619
1736782141589,0.0,0.0,92.0,2.123657,-5.923255,11.451467,0.204029,0.007330383,0.38240165,-40.62,20.82,-24.24,623
1736782142600,0.0,0.0,91.0,0.7302315,-5.4300494,8.968679,-0.10629055,0.34574974,-0.46181414,-52.739998,25.199999,-10.38,625
1736782143618,0.0,0.0,91.0,1.7980455,-10.168175,3.406949,-2.9981265,-0.75502944,-0.8491027,-29.16,40.079998,-1.38,629
1736782144622,0.0,0.0,91.0,3.9145198,-9.272743,-4.1395745,0.2724459,0.12095132,-0.24556783,-30.66,5.7599998,35.399998,629
1736782145646,0.0,0.0,91.0,4.237737,-8.3821,-2.6671407,0.25045475,0.034208454,0.111177474,-31.619999,12.9,30.42,631
1736782146649,0.0,0.0,91.0,-0.7278373,3.0765493,9.284714,-0.7098254,-0.20891592,0.05375614,-15.42,-1.4399999,-21.66,633
1736782147674,0.0,0.0,91.0,1.0055647,-5.032612,7.884106,-0.95294976,-0.04520403,1.3084733,-14.46,19.199999,-24.66,637
1736782148677,0.0,0.0,90.0,0.1604115,-9.160215,10.603919,0.059864793,0.07574729,0.10629055,-12.3,31.439999,-12.12,639
1736782149688,0.0,0.0,90.0,2.2385786,-7.357382,7.5920134,-0.15149458,0.047647487,0.16371189,-8.4,30.48,-7.02,643
1736782150690,0.0,0.0,90.0,1.163582,-9.332599,-2.195483,-0.15027285,0.087964594,-0.08674286,-12.42,33.48,9.719999,645
1736782151700,0.0,0.0,90.0,2.5450363,-10.594342,-1.0630256,0.75747293,0.096516706,0.39950588,-13.799999,27.9,26.699999,649
1736782153709,0.0,0.0,91.0,2.8419175,-11.633426,3.2872388,-0.3359759,-0.0036651916,0.2003638,-16.92,37.92,14.7,655
1736782154711,0.0,0.0,91.0,1.6543933,-7.455544,1.0702082,-0.7110472,0.689056,-0.36163223,-17.4,37.079998,10.38,657
1736782155736,0.0,0.0,92.0,2.030283,-7.9487495,2.597709,0.41905355,0.12339478,-0.78801614,-20.76,34.559998,-1.38,661
1736782156739,0.0,0.0,92.0,1.99437,-6.9264255,3.952827,-0.30543262,-0.05009095,1.2913691,-22.38,31.859999,-4.98,663
1736782157764,0.0,0.0,93.0,2.2601264,-13.644555,6.0022635,-0.007330383,-0.28588495,0.36651915,-18.84,31.5,-1.14,667
1736782159789,0.0,0.0,93.0,0.31364042,-9.244013,3.9839516,0.6401868,0.013439035,-0.8405506,-16.32,34.14,4.44,673
1736782160792,0.0,0.0,93.0,2.054225,-5.731719,-1.685518,0.99204516,-0.61453044,0.4801401,-32.399998,19.26,19.74,677
1736782161817,0.0,0.0,93.0,-0.25617957,-6.136339,-2.2888567,1.767844,0.21135938,-0.8698721,-20.34,32.399998,24.119999,681
1736782163864,0.0,0.0,93.0,2.2505496,-11.6669445,-3.0071173,0.312763,-0.095294975,-0.40683624,-20.039999,35.82,21.359999,687
1736782164874,0.0,0.0,93.0,2.8419175,-11.705252,-0.79008657,0.31764993,-0.19058995,0.25534168,-21.42,34.68,16.199999,691
1736782165913,0.0,0.0,93.0,0.89303726,-9.035717,-1.1659763,1.0494665,-0.07452556,-0.7318166,-19.74,34.02,17.039999,693
1736782166924,0.0,0.0,93.0,3.205836,-9.720459,-1.2186487,-0.5326745,0.10995574,0.0720821,-18.9,33.42,20.88,697
1736782167971,0.0,0.0,92.0,1.4389153,-8.499416,-0.15562311,0.86132,1.0836749,-0.16737708,-18.24,36.36,17.039999,699
1736782168995,0.0,0.0,92.0,2.3056161,-10.769119,3.9983168,-0.13561209,0.10262536,0.42149702,-16.92,39.12,-5.04,703
1736782170043,0.0,0.0,91.0,0.7781156,-5.4803276,2.2146366,-1.047023,-0.43982297,0.62796944,-14.82,44.879997,2.3999999,705
1736782171055,0.0,0.0,91.0,2.779668,-10.527305,2.3295584,-0.34330627,-0.034208454,0.061086524,-14.639999,45.0,9.36,709
1736782172108,0.0,0.0,90.0,2.5210943,-10.398018,2.1691468,-0.30298916,0.47891834,-0.38973203,-18.3,44.52,11.28,711
1736782173116,0.0,0.0,90.0,1.5729905,-8.39886,0.3878607,-0.009773844,1.0238101,-0.4569272,-24.18,42.719997,8.5199995,715
1736782174140,0.0,0.0,89.0,2.9400797,-9.919178,0.6392518,0.29932398,0.081855945,-0.6792821,-27.599998,40.68,3.24,719
1736782176146,0.0,0.0,89.0,0.095768064,5.159505,10.06283,-0.119729586,0.05131268,0.29810223,-23.46,13.98,-19.5,725
1736782177149,0.0,0.0,89.0,-0.07182605,-4.6016555,7.1993647,0.72082096,-0.09407325,-1.0067059,-9.66,8.88,-28.98,727
1736782178174,0.0,0.0,89.0,0.10295067,-6.691794,6.2129536,0.956615,0.48258355,-0.6914995,-9.0,24.119999,-20.939999,731
1736782180181,0.0,0.0,90.0,-1.3192052,-6.7492547,12.658144,0.47647488,0.064751714,0.27000242,-11.28,20.82,-22.5,737
1736782181186,0.0,0.0,90.0,-0.37110126,-4.4795513,8.659827,-0.034208454,0.7648033,-0.095294975,-9.059999,24.779999,-19.08,739
1736782182196,0.0,0.0,90.0,-1.982399,-5.813122,11.168951,0.54733527,0.08674286,-0.0720821,-9.9,25.26,-21.72,743
1736782183199,0.0,0.0,91.0,-1.2234371,-4.0342298,7.0485296,0.27000242,-1.2205088,-0.3555236,-8.4,25.439999,-24.18,745
1736782184224,0.0,0.0,91.0,-1.1061212,-1.4460979,7.6710224,-0.7281514,-0.16737708,-0.7086037,-4.68,27.18,-23.4,747
1736782185228,0.0,0.0,91.0,-1.2138603,-10.0029745,10.299856,0.6450737,-0.3567453,0.35308012,-10.38,30.0,-19.619999,751
1736782186251,0.0,0.0,91.0,-0.8379706,-4.5537715,6.133945,-0.43249258,-0.16249016,0.59986967,-13.259999,27.0,-23.76,753
1736782187255,0.0,0.0,91.0,-1.8148049,-8.394072,11.480197,0.7049385,0.22235495,-0.18081611,-9.059999,29.22,-22.56,757
1736782188275,0.0,0.0,91.0,-0.7278373,-5.3606176,6.5936313,-0.13683382,0.26145032,-0.83199847,-5.46,33.96,-19.5,759
1736782190301,0.0,0.0,90.0,-0.107739076,-3.0669725,5.827487,-0.4801401,-0.344528,0.65484756,-9.54,25.8,-32.28,765
1736782192325,0.0,0.0,89.0,1.2449849,-5.315128,5.0158525,-0.4801401,-0.9639453,-0.40439278,-12.059999,21.779999,-28.439999,771
1736782194372,0.0,0.0,89.0,-1.0007763,-5.106832,6.1004257,0.37751472,-0.70249504,-0.35185838,-13.38,27.359999,-23.279999,777
1736782195391,0.0,0.0,89.0,0.6344634,-5.6096144,7.40766,-0.6719518,0.2919936,-0.2919936,-14.34,31.38,-20.279999,781
1736782196436,0.0,0.0,89.0,3.5458126,-9.909601,3.9336734,0.48258355,-0.20769419,-0.32620203,-18.18,31.08,-16.02,783
1736782197442,0.0,0.0,89.0,1.0055647,-7.1107793,7.785944,-0.14172074,0.5558874,1.110553,-23.76,25.32,-13.0199995,787
1736782198471,0.0,0.0,89.0,-2.1523874,-4.8482585,5.2720323,1.2241739,-0.52290064,0.16737708,-18.6,26.099998,-11.639999,789
1736782199478,0.0,0.0,88.0,1.3934253,-6.5098343,6.7229185,-0.36896262,0.11728613,-0.14660765,-19.26,23.039999,-7.44,791
1736782200525,0.0,0.0,88.0,1.1372458,-8.860941,5.6215854,0.19547687,-0.021991149,-0.4801401,-24.66,18.6,-10.2,795
1736782201533,0.0,0.0,88.0,2.7126305,-8.810662,7.800309,-0.20769419,0.24190263,0.61575216,-22.98,19.8,-13.08,799
1736782202578,0.0,0.0,88.0,0.89064306,-8.224083,5.207389,0.15882497,-0.40683624,-0.45204028,-21.119999,14.099999,-17.1,801
1736782203612,0.0,0.0,88.0,1.7621324,-8.508993,5.451597,-0.17959438,-0.7318166,0.2761111,-17.22,20.22,-13.32,803
1736782204636,0.0,0.0,88.0,2.1068976,-11.494562,4.8243165,0.6597345,0.13805555,0.11362094,-18.96,21.66,-10.32,807
1736782205640,0.0,0.0,89.0,1.3263878,-9.801862,5.626374,-0.71593404,-0.2602286,1.078788,-17.279999,26.82,-4.5,812
1736782206661,0.0,0.0,89.0,-0.7398083,-6.667852,4.1802764,0.625526,-0.09407325,-0.4092797,-19.199999,28.619999,-1.86,814
1736782207664,0.0,0.0,89.0,2.7605145,-8.942344,2.5905263,-0.6621779,0.7476991,-0.21624629,-16.32,32.46,8.16,816
1736782208685,0.0,0.0,89.0,4.0557775,-11.140221,2.3582888,-0.91629785,0.0,-0.27488935,-20.46,31.679998,-0.12,820
1736782210705,0.0,0.0,88.0,1.9369092,-11.197681,4.072537,0.68661255,-0.66706485,-0.37018433,-22.8,28.74,4.62,826
1736782211708,0.0,0.0,87.0,1.1923125,-7.7931266,1.2880806,-1.1484267,1.1129965,-0.4569272,-18.06,30.179998,4.74,828
1736782212723,0.0,0.0,86.0,2.3535004,-8.772355,-1.3934253,-0.5742133,1.2669345,-0.44715336,-18.84,29.88,6.48,833
1736782214801,0.0,0.0,83.0,-1.6927006,3.1747115,8.159439,-0.2773328,-0.015882496,0.13439035,-18.0,16.98,-11.88,839
1736782215805,0.0,0.0,81.0,0.21068975,2.9735985,9.251195,-0.12339478,-0.043982297,0.037873644,-14.219999,-14.219999,-29.76,839
1736782216824,0.0,0.0,80.0,-1.163582,2.9975405,11.080365,0.057421334,0.2687807,-0.014660766,-13.32,-14.219999,-29.46,840
1736782217827,0.0,0.0,80.0,-1.2090719,3.787627,9.066842,-0.13072516,0.12950343,-0.27000242,-13.139999,-15.719999,-28.56,840
1736782219835,0.0,0.0,81.0,-0.62967503,4.4101195,10.58716,0.17104226,-0.056199603,0.009773844,-9.599999,-18.3,-26.279999,848
1736782220856,0.0,0.0,81.0,0.30406362,2.3750482,7.9008656,-0.65240407,-0.12339478,-0.052534413,-10.2,-17.4,-26.82,850
1736782222882,0.0,0.0,82.0,-1.1013328,-4.8267107,7.8649526,1.2559389,0.9077458,-0.95905846,-4.56,14.88,-24.42,857
1736782224897,0.0,0.0,82.0,-3.7469256,-2.7509377,6.136339,0.2724459,-0.8332202,-0.35308012,6.06,12.0,-29.64,863
1736782225916,0.0,0.0,83.0,-3.13401,-2.693477,9.217676,-0.16371189,-0.2406809,-0.2724459,9.66,17.22,-26.039999,865
1736782226970,0.0,0.0,83.0,-2.7509377,-3.1435869,9.358934,0.52778757,-0.015882496,-1.3561208,4.7999997,19.56,-24.72,869
1736782227980,0.0,0.0,83.0,-6.4858923,-0.61052144,10.651803,-2.3860397,0.50579643,3.0579915,-10.0199995,-12.78,-30.179998,873
1736782229028,0.0,0.0,84.0,-3.8139634,-2.918532,6.8282633,0.4092797,-0.6988298,0.48747048,0.59999996,15.059999,-27.48,875
1736782230043,0.0,0.0,84.0,-5.5042696,-6.7133417,12.935872,1.2999213,0.28099802,1.314582,0.71999997,17.52,-25.26,879
1736782231077,0.0,0.0,85.0,-1.7046716,-3.4332852,6.3350577,-0.5045747,0.0061086523,-2.1636846,2.7,18.539999,-22.68,881
1736782232103,0.0,0.0,85.0,-0.088585466,-7.9607205,7.2807674,-0.5021312,-0.6169739,-0.72082096,-2.58,16.8,-24.9,885
1736782233147,0.0,0.0,86.0,-1.2449849,-5.5162406,10.376471,0.44715336,1.1410962,1.9303342,-10.5,10.8,-28.439999,889
1736782234158,0.0,0.0,86.0,-2.0925324,-1.6472107,5.7963624,-0.3005457,-0.53023106,0.5839872,-5.3399997,11.58,-30.42,891
1736782235167,0.0,0.0,86.0,-0.39264908,-3.6248214,10.134656,-0.44226643,0.052534413,0.037873644,-2.34,16.68,-26.16,895
1736782236170,0.0,0.0,87.0,-0.48362875,-6.6391215,7.503428,1.391551,0.8356637,-0.9505063,-7.74,20.16,-23.4,897
1736782237187,0.0,0.0,87.0,-0.5410896,-5.121197,11.585542,-0.06963864,0.4654793,0.5180137,-17.52,11.16,-31.019999,901
1736782239211,0.0,0.0,87.0,0.3184288,-3.7205894,12.8832,0.15027285,0.0720821,0.20525073,-9.3,13.74,-26.039999,907
1736782240214,0.0,0.0,88.0,-0.60094464,-3.3446999,7.410054,-0.37140608,0.17592919,-1.3109168,-11.759999,14.7,-22.14,909
1736782241235,0.0,0.0,88.0,0.019153614,-7.103596,7.441179,0.77946407,-0.28099802,-0.77824235,-8.22,16.26,-25.56,913
1736782243261,0.0,0.0,89.0,-3.0334535,-2.0207062,5.9759274,0.30665436,-0.46181414,0.6609562,-7.68,15.78,-34.8,919
1736782245292,0.0,0.0,90.0,0.37349546,-3.9025488,9.0716305,0.29565877,0.593761,-0.593761,-7.3799996,20.699999,-30.42,926
1736782247312,0.0,0.0,91.0,-0.60573304,-5.121197,9.878476,0.21868975,-0.61453044,-0.49235737,-12.66,23.34,-29.939999,933
1736782249324,0.0,0.0,91.0,5.0278234,-9.643845,1.6184803,0.0720821,-0.2125811,-0.032986723,-26.22,23.939999,15.24,939
1736782250327,0.0,0.0,91.0,1.9201498,-7.680599,0.5793968,-0.6646214,0.13805555,0.18692477,-19.8,27.599998,15.78,941
1736782251335,0.0,0.0,91.0,2.1667526,-10.939108,-2.5953147,-0.32986724,0.0720821,-0.03176499,-18.539999,27.599998,22.26,945
1736782252337,0.0,0.0,91.0,-0.94092125,-7.620744,-1.283292,1.4428637,0.07696902,-0.59742624,-13.679999,27.599998,27.84,947
1736782253348,0.0,0.0,91.0,1.2761095,-8.348581,-1.1252748,-0.643852,-0.23701571,0.4801401,-1.1999999,28.68,33.059998,951
1736782254351,0.0,0.0,91.0,1.8626889,-8.959103,2.5498247,0.6805039,0.3885103,-0.79534656,-7.2599998,33.42,13.559999,953
1736782255402,0.0,0.0,91.0,1.2617443,-9.588778,0.34955344,-0.6780604,-0.16249016,0.3652974,-9.719999,33.12,14.7,957
1736782256412,0.0,0.0,91.0,-1.2617443,0.17717093,5.93762,3.535688,-1.1068878,1.0372492,-5.8199997,26.88,31.56,959
1736782257422,0.0,0.0,91.0,-0.33997664,2.9137435,9.481039,1.4966198,0.2003638,-1.4123205,-2.52,29.099998,1.68,963
1736782258472,0.0,0.0,91.0,-1.1971009,4.015076,9.576807,0.15393804,0.16982053,0.05009095,-8.46,-10.38,-32.16,963
1736782260514,0.0,0.0,93.0,-0.79248077,3.8881836,9.7563715,0.24556783,0.14905111,0.15271631,3.12,-1.0799999,-37.5,964
1736782261534,0.0,0.0,93.0,-0.9672575,3.169923,9.423578,-0.15149458,-0.16249016,-0.38973203,9.3,-2.3999999,-35.16,964
1736782262556,0.0,0.0,93.0,2.8060043,-1.7501614,10.0341,0.6780604,0.32375857,0.7819075,-4.3199997,13.259999,-31.56,964
1736782263572,0.0,0.0,93.0,-0.9528923,4.4484267,8.8777,-0.18692477,-0.32375857,-0.267559,0.17999999,-9.059999,-36.3,964
1736782264586,0.0,0.0,93.0,-0.48123455,1.9895816,9.619903,-0.14172074,0.24312437,0.07941248,-7.3199997,-2.3999999,-36.6,964
1736782265599,0.0,0.0,93.0,0.29209262,2.6623523,9.794679,-0.21380283,0.018325957,0.10629055,-8.94,-3.72,-36.719997,964
1736782266605,0.0,0.0,93.0,-2.3295584,3.6990416,9.0429,-0.10995574,0.08307768,0.13072516,-1.26,-4.38,-36.719997,964
1736782267611,0.0,0.0,92.0,-0.6512229,3.0597897,9.67018,-0.06352998,0.3848451,0.6243043,-2.7,-4.2599998,-35.7,964
1736782269615,0.0,0.0,92.0,1.5514427,-1.436521,9.976639,0.06352998,0.058643065,0.75502944,7.2,12.84,-38.46,964
1736782270621,0.0,0.0,92.0,-2.753332,-2.7222073,11.171345,0.453262,0.2125811,0.35185838,15.9,-1.26,-38.46,964
1736782272627,0.0,0.0,92.0,1.6903064,2.1859062,9.404425,0.35430184,0.31887165,0.9419542,12.179999,-21.42,-41.76,964
1736782274033,0.0,0.0,91.0,1.4389153,2.6767175,9.512163,0.3200934,0.010995574,0.13561209,6.06,-30.66,-47.1,964
1736782275437,0.0,0.0,91.0,1.9033904,-2.0638018,9.828198,0.15882497,-0.043982297,-1.0177015,1.8,-5.64,-43.32,965
1736782277189,0.0,0.0,91.0,-2.0614076,3.7804444,8.341399,-0.02076942,0.03176499,0.51068336,-1.5,-2.8799999,-40.26,965
1736782278193,0.0,0.0,90.0,-0.30166942,3.5553896,8.513782,-0.32620203,-0.08674286,-0.14172074,1.62,-6.24,-37.68,965
1736782279212,0.0,0.0,90.0,-1.6376339,3.7588966,8.698134,-0.20647246,-0.15882497,-0.38973203,0.29999998,-1.68,-39.36,965
1736782280223,0.0,0.0,90.0,-0.6895301,2.6503813,11.056423,-0.056199603,0.22724187,0.46914452,-3.54,1.74,-41.04,965
1736782282230,0.0,0.0,90.0,2.3223755,-8.310274,-4.223372,1.1545353,0.8246681,-0.21502456,-28.38,8.88,35.7,965
1736782283481,0.0,0.0,90.0,4.084508,-8.74123,-1.4508862,0.57543504,0.38362336,0.16371189,-40.02,18.66,10.559999,965
1736782285271,0.0,0.0,90.0,2.791639,-10.038888,3.181894,0.6377433,0.56321776,-0.1282817,-35.04,22.56,-3.0,965
1736782287070,0.0,0.0,90.0,2.5713725,-5.681441,8.92319,0.92485,0.2724459,0.28710666,-30.119999,22.98,-16.5,965
1736782288120,0.0,0.0,89.0,4.8458643,-0.2777274,8.63828,-1.2302825,-0.4728097,0.7476991,-23.76,-31.08,-23.519999,965
1736782289180,0.0,0.0,89.0,4.7907977,-4.3957543,6.38773,-1.9511036,-1.1398746,0.6010914,-26.939999,-16.32,-28.8,965
1736782290211,0.0,0.0,0.0,4.5441947,-8.801085,1.1061212,0.032986723,0.35918877,-0.13072516,-19.26,24.84,-9.48,965
1736782291575,0.0,0.0,0.0,0.8475474,10.888829,4.249708,-2.8674014,0.5045747,-1.4477507,-1.26,-0.17999999,-3.1799998,965
1736782292582,0.0,0.0,0.0,0.9888053,3.6224272,10.419566,-1.4453071,-0.5522222,1.600467,4.74,-39.12,-14.34,965
1736782293624,0.0,0.0,0.0,-0.15562311,3.3159695,9.593566,-1.998751,-0.14538592,0.06963864,-3.84,-35.399998,-18.24,965
1736782294635,0.0,0.0,0.0,-0.2777274,-5.2169657,9.105149,0.18203785,0.204029,0.18692477,-8.639999,1.38,-34.2,965
1736782295694,0.0,0.0,0.0,0.8858546,0.7661445,9.974244,0.49846604,0.16737708,-0.32375857,-19.199999,-1.1999999,-29.22,965
1736782296713,0.0,0.0,0.0,0.6871359,2.56419,9.76116,0.10751228,-0.043982297,-0.02321288,-11.82,-19.92,-27.779999,965
1736782297739,0.0,0.0,0.0,0.6584055,3.6008794,9.361329,-0.017104227,-0.021991149,0.064751714,-11.46,-22.68,-27.0,965
1736782299753,0.0,0.0,0.0,-0.2873042,4.213795,9.033323,-0.28955013,-0.37507126,0.06963864,-5.94,-25.019999,-25.14,965
1736782300755,0.0,0.0,0.0,0.60573304,3.6750996,9.299079,-0.017104227,0.015882496,-0.014660766,-6.12,-25.5,-22.5,965
1736782301771,0.0,0.0,0.0,0.7062895,3.5697548,9.346964,0.018325957,0.015882496,-0.032986723,-10.08,-23.82,-25.32,965
1736782302773,0.0,0.0,0.0,-0.076614454,0.7015011,8.985439,-1.4269812,1.0800097,0.3726278,-10.74,-23.039999,-26.16,965
1736782303798,0.0,0.0,0.0,-3.0119057,-0.7206547,9.49301,0.66706485,1.2425,-0.15882497,-1.86,-8.34,-32.46,965
1736782304803,0.0,0.0,0.0,-0.21068975,0.18674773,10.156203,0.0,-0.002443461,0.0,-7.2,-13.679999,-34.38,965
1736782305810,0.0,0.0,0.0,-0.29688102,0.23702596,10.043676,0.0,-0.0061086523,-0.0012217305,-8.639999,-15.36,-35.34,965
1736782306812,0.0,0.0,0.0,-0.12928689,0.22744916,10.096349,0.0,-0.002443461,-0.002443461,-8.16,-12.54,-32.28,965
1736782307821,0.0,0.0,0.0,-0.16998832,0.22505496,10.134656,0.0012217305,-0.002443461,0.0,-8.16,-15.059999,-32.46,965
1736782309834,0.0,0.0,0.0,-0.15562311,0.18674773,10.096349,0.0012217305,-0.002443461,0.0,-7.56,-15.24,-31.859999,965
1736782310837,0.0,0.0,0.0,-0.04070143,0.24181437,9.945514,-0.002443461,-0.013439035,0.0,-0.17999999,-13.98,-40.379997,965
1736782311852,0.0,0.0,0.0,-0.16280572,0.1340753,9.981427,0.0,-0.009773844,-0.0012217305,-9.54,-15.059999,-46.26,965
1736782312860,0.0,0.0,0.0,-0.16759412,0.23223756,10.01734,0.002443461,-0.0061086523,0.0,-11.34,-15.54,-47.64,965
1736782313872,0.0,0.0,0.0,-0.11731588,0.24660277,9.114726,0.0012217305,-0.0012217305,0.0012217305,-11.28,-15.48,-47.039997,965
1736782314874,0.0,0.0,0.0,-0.20829555,0.20590134,10.0341,0.0012217305,-0.004886922,0.0,-11.58,-16.68,-48.66,965
1736782315882,0.0,0.0,0.0,-0.12928689,0.23702596,9.797073,0.0012217305,-0.004886922,0.0,-10.98,-15.839999,-48.48,965
1736782316886,0.0,0.0,0.0,-0.15562311,0.24181437,10.089166,0.0,0.0012217305,0.0012217305,-10.5,-16.26,-48.48,965
1736782317912,0.0,0.0,0.0,-0.1364695,0.17238252,10.036493,0.002443461,0.0,0.0,-11.099999,-15.599999,-48.66,965
1736782318931,0.0,0.0,0.0,-0.06464344,0.21547815,10.09156,0.0,-0.002443461,0.0,-10.8,-15.36,-48.239998,965
1736782319958,0.0,0.0,0.0,-0.15322891,0.20111294,9.986216,0.0012217305,-0.002443461,0.0,-11.219999,-15.839999,-48.0,965
1736782320981,0.0,0.0,0.0,-0.11731588,0.18674773,10.04607,0.0012217305,0.0,0.0,-10.08,-16.08,-48.6,965
1736782322005,0.0,0.0,0.0,-0.14844051,0.1340753,9.9790325,0.0,-0.0012217305,0.0,-10.62,-15.78,-48.899998,965
1736782323028,0.0,0.0,0.0,-0.17717093,0.20829555,9.9790325,0.0,-0.0012217305,0.0,-10.559999,-16.26,-48.3,965
1736782324052,0.0,0.0,0.0,-0.15562311,0.20111294,10.077195,0.0,-0.0012217305,0.0,-12.3,-15.66,-48.539997,965
1736782325080,0.0,0.0,0.0,-0.16759412,0.19393034,10.038888,0.0,-0.0012217305,0.0012217305,-10.38,-15.9,-48.36,965
1736782326112,0.0,0.0,0.0,-0.19393034,0.15562311,9.983821,0.0,0.0,0.0,-11.04,-16.02,-48.96,965
1736782327140,0.0,0.0,0.0,-0.1388637,0.15322891,10.0269165,0.0,-0.0012217305,0.0,-10.44,-16.38,-49.079998,965
1736782328148,0.0,0.0,0.0,-0.22266077,0.21068975,10.0508585,0.0,-0.0012217305,0.0,-8.7,-16.68,-48.36,965
1736782330166,0.0,0.0,0.0,-0.074220255,0.20350714,9.962274,0.0,-0.0012217305,0.0,-8.76,-17.22,-48.18,965
1736782331181,0.0,0.0,0.0,-0.18435353,0.24660277,9.995792,0.0,0.0,0.0,-8.22,-17.039999,-48.6,965
1736782332194,0.0,0.0,0.0,-0.19153613,0.22026655,10.070012,0.0,0.0,0.0,-8.76,-16.74,-48.059998,965
1736782333195,0.0,0.0,0.0,-0.11971009,0.17717093,10.014946,0.0,0.0,-0.0012217305,-10.08,-16.08,-49.5,965
1736782334204,0.0,0.0,0.0,-0.18914193,0.22026655,10.077195,0.0,0.0012217305,0.0,-9.719999,-16.38,-49.079998,965
1736782336213,0.0,0.0,0.0,-0.19393034,0.1340753,10.0508585,0.0,0.0,0.0,-10.74,-16.619999,-48.96,965
1736782337217,0.0,0.0,0.0,-0.17717093,0.21068975,10.108319,-0.0012217305,0.002443461,0.0,-10.32,-16.14,-49.559998,965
1736782338221,0.0,0.0,0.0,-0.16998832,0.24899697,10.000581,0.0,-0.0012217305,0.0,-9.78,-16.38,-49.079998,965
1736782339224,0.0,0.0,0.0,-0.20350714,0.22505496,10.070012,-0.0012217305,0.0,0.0,-10.0199995,-16.8,-48.78,965
1736782340234,0.0,0.0,0.0,-0.12689269,0.2777274,10.005369,0.0,-0.0012217305,0.0,-10.679999,-16.8,-49.92,965
1736782341237,0.0,0.0,0.0,-0.10295067,0.20111294,10.043676,0.0,0.0012217305,0.0012217305,-10.26,-15.9,-48.78,965
1736782342242,0.0,0.0,0.0,-0.11971009,0.16280572,9.981427,0.0,0.0,0.0,-10.98,-16.14,-49.5,965
1736782344254,0.0,0.0,0.0,-0.1316811,0.23702596,10.077195,0.0,0.0012217305,0.0,-10.0199995,-15.9,-48.539997,965
1736782345260,0.0,0.0,0.0,-0.19153613,0.31364042,10.216059,0.0061086523,0.0012217305,0.0,-9.599999,-16.74,-49.26,965
1736782346265,0.0,0.0,0.0,-0.16519992,0.18674773,10.079589,0.0,0.0,0.0,-10.5,-16.38,-49.379997,965
1736782347268,0.0,0.0,0.0,-0.18674773,0.2801216,10.014946,-0.0012217305,0.0,0.0,-10.0199995,-16.98,-48.6,965
1736782348293,0.0,0.0,0.0,-0.14844051,0.21068975,10.0508585,-0.0012217305,0.0,0.0,-10.32,-16.74,-49.8,965
1736782349312,0.0,0.0,0.0,-0.15562311,0.19153613,10.014946,0.0012217305,-0.002443461,0.0,-10.2,-16.14,-49.92,965
1736782350334,0.0,0.0,0.0,-0.16998832,0.20111294,9.907207,-0.0036651916,0.0012217305,0.0,-9.9,-16.56,-49.739998,965
1736782351350,0.0,0.0,0.0,-0.22026655,0.20590134,9.986216,-0.0012217305,-0.0012217305,0.0,-9.48,-16.8,-48.48,965
1736782352373,0.0,0.0,0.0,-0.17238252,0.21547815,10.022128,0.0,-0.0012217305,0.0,-10.679999,-16.5,-49.8,965
1736782353391,0.0,0.0,0.0,-0.20350714,0.21787235,10.280702,0.002443461,0.002443461,0.0,-10.92,-16.8,-48.84,965
1736782354414,0.0,0.0,0.0,-0.12689269,0.21547815,10.134656,0.0,0.0012217305,0.0,-10.74,-16.38,-48.899998,965
1736782355439,0.0,0.0,0.0,-0.1604115,0.18435353,10.084377,0.0012217305,0.0,-0.0012217305,-9.96,-16.859999,-49.2,965
1736782356471,0.0,0.0,0.0,-0.11731588,0.23942018,10.048465,0.0,0.0012217305,0.0,-10.08,-16.619999,-49.739998,965
1736782357486,0.0,0.0,0.0,-0.1316811,0.22505496,10.0269165,-0.0012217305,-0.002443461,0.0,-9.42,-16.74,-49.98,965
1736782358498,0.0,0.0,0.0,-0.11731588,0.272939,10.04607,0.0,0.0012217305,0.0,-10.38,-16.5,-49.02,965
1736782360513,0.0,0.0,0.0,-0.16519992,0.21068975,10.053253,0.0,0.0012217305,0.0,-9.42,-16.199999,-49.02,965
1736782361515,0.0,0.0,0.0,-0.19632454,0.22984336,9.703699,-0.0061086523,0.0,0.0,-10.92,-15.96,-49.62,965
1736782362527,0.0,0.0,0.0,-0.21787235,0.22505496,10.01734,0.0,0.0036651916,0.0,-10.139999,-17.46,-50.28,965
1736782364540,0.0,0.0,0.0,-0.18674773,0.20829555,10.053253,-0.0012217305,0.0,0.0012217305,-9.599999,-16.5,-49.44,965
1736782366555,0.0,0.0,0.0,-0.21068975,0.2825158,10.058042,-0.002443461,0.0,0.0,-10.26,-16.26,-49.559998,965
1736782367559,0.0,0.0,0.0,-0.20111294,0.23463176,9.983821,0.0,0.0012217305,0.0,-9.96,-16.26,-49.68,965
1736782368567,0.0,0.0,0.0,-0.11971009,0.24660277,9.959879,-0.002443461,0.0,0.0,-8.16,-17.22,-49.32,965
1736782369569,0.0,0.0,0.0,-0.17477672,0.21547815,10.103531,0.0012217305,0.0,0.0,-7.74,-16.98,-48.539997,965
1736782370578,0.0,0.0,0.0,-0.16759412,0.25617957,10.031705,0.0,-0.0012217305,0.0,-8.5199995,-17.279999,-48.84,965
1736782372587,0.0,0.0,0.0,-0.14844051,0.18914193,10.012551,0.0,-0.0012217305,-0.0012217305,-10.2,-16.56,-49.92,965
1736782374604,0.0,0.0,0.0,-0.19393034,0.2873042,10.0029745,0.0,0.0,0.0,-11.04,-16.56,-49.559998,965
1736782375607,0.0,0.0,0.0,-0.11492168,0.22744916,10.084377,0.0,0.0,0.0012217305,-10.26,-16.68,-49.62,965
1736782376617,0.0,0.0,0.0,-0.11971009,0.25617957,10.055647,0.0,0.0,0.0,-11.04,-16.859999,-49.559998,965
1736782378636,0.0,0.0,0.0,-0.15801731,0.22266077,10.031705,0.0,0.0,0.0,-10.44,-16.74,-50.34,965
1736782379666,0.0,0.0,0.0,-0.11971009,0.24660277,10.01734,-0.0012217305,0.0,0.0012217305,-10.139999,-16.5,-49.8,965
1736782381309,0.0,0.0,0.0,-0.1364695,0.21547815,10.058042,0.0,-0.0012217305,0.0,-11.5199995,-15.66,-51.059998,965
1736782382741,0.0,0.0,0.0,-0.15083471,0.16998832,10.053253,0.0,-0.0012217305,0.0,-10.32,-16.26,-49.26,965
1736782383793,0.0,0.0,0.0,-0.12928689,0.22026655,10.113108,0.0,-0.0012217305,0.0,-11.219999,-16.44,-49.5,965
1736782385154,0.0,0.0,0.0,-0.25139117,0.1388637,10.292673,0.0036651916,0.0036651916,0.0,-12.24,-16.74,-50.879997,965
1736782387038,0.0,0.0,0.0,-0.16280572,0.17238252,10.218452,-0.0012217305,-0.0012217305,0.0012217305,-11.88,-16.02,-49.98,965
1736782388449,0.0,0.0,0.0,-0.15562311,0.22026655,10.0987425,0.0,-0.0012217305,0.0,-11.58,-16.74,-49.98,965
1736782390292,0.0,0.0,0.0,-0.1364695,0.15801731,10.115502,0.0,0.0,0.0,-10.74,-15.9,-50.399998,965
1736782392089,0.0,0.0,0.0,-0.18914193,0.20590134,10.101137,0.0,0.0,0.0,-11.5199995,-16.26,-50.46,965
1736782394013,0.0,0.0,0.0,-0.12928689,0.24420857,10.043676,0.0,0.0012217305,0.0012217305,-11.639999,-17.46,-50.34,965
1736782395408,0.0,0.0,0.0,-0.1436521,0.21068975,10.005369,-0.0012217305,0.0,0.0,-11.28,-16.56,-50.28,965
1736782397215,0.0,0.0,0.0,-0.17717093,0.25857377,10.067618,-0.0012217305,0.0,0.0012217305,-11.099999,-17.64,-50.82,965
1736782399240,0.0,0.0,0.0,-0.16519992,0.22505496,10.060435,0.0,-0.0012217305,0.0,-8.76,-18.42,-48.42,965
1736782400243,0.0,0.0,0.0,-0.12449849,0.18195933,9.97185,0.0012217305,-0.0012217305,0.0,-9.84,-17.16,-48.6,965
1736782402035,0.0,0.0,0.0,-0.14844051,0.17477672,10.041282,0.0,0.0,0.0012217305,-11.7,-15.9,-49.44,965
1736782403426,0.0,0.0,0.0,-0.17238252,0.20350714,10.01734,-0.0012217305,0.0,0.0,-10.679999,-15.9,-50.879997,965
1736782405219,0.0,0.0,0.0,-0.2633622,0.22266077,9.828198,0.0012217305,-0.0012217305,0.0,-10.5,-16.859999,-50.579998,965
1736782407024,0.0,0.0,0.0,-0.30166942,0.20590134,10.01734,-0.0012217305,0.015882496,0.0012217305,-11.219999,-16.859999,-51.3,965
1736782408439,0.0,0.0,0.0,-0.15562311,0.24660277,10.060435,0.0012217305,-0.0036651916,0.0,-10.92,-17.22,-50.7,965
1736782410218,0.0,0.0,0.0,-0.08379706,0.16280572,10.019734,0.0,-0.0012217305,0.0,-10.62,-16.44,-50.82,965
1736782412039,0.0,0.0,0.0,-0.21547815,0.15801731,10.06283,0.0012217305,0.0,0.0,-10.8,-16.92,-52.079998,965
1736782413420,0.0,0.0,0.0,-0.10534488,0.20829555,10.0987425,0.0,-0.002443461,0.0012217305,-11.759999,-16.619999,-49.68,965
1736782415239,0.0,0.0,0.0,-0.2753332,0.24181437,10.108319,-0.0012217305,0.02076942,0.0,-10.98,-15.9,-49.8,965
1736782417036,0.0,0.0,0.0,-0.17477672,0.1412579,9.816227,0.0,0.0,0.0,-9.3,-15.9,-66.84,965
1736782418480,0.0,0.0,0.0,-0.1316811,0.23463176,10.055647,0.0,0.0,0.0,-9.3,-16.02,-65.939995,965
1736782420302,0.0,0.0,0.0,-0.107739076,0.093373865,10.065224,-0.0012217305,-0.002443461,0.0012217305,-10.38,-15.78,-66.36,965
1736782422088,0.0,0.0,0.0,-0.12449849,0.21547815,10.019734,-0.0012217305,0.0,0.0,-8.22,-15.24,-66.0,965
1736782424033,0.0,0.0,0.0,-0.10055647,0.24420857,10.175357,0.002443461,0.0036651916,0.0,-10.559999,-15.96,-70.619995,965
1736782425484,0.0,0.0,0.0,-0.1388637,0.17477672,10.0269165,0.0,0.0,-0.0012217305,-9.84,-16.5,-70.799995,965
1736782427032,0.0,0.0,0.0,-0.10295067,0.18674773,10.0748005,0.0,0.0,0.0,-10.679999,-15.66,-68.22,965
1736782428448,0.0,0.0,0.0,-0.08140286,0.22026655,10.014946,0.0,-0.0012217305,0.0,-10.2,-16.5,-66.9,965
1736782430231,0.0,0.0,0.0,-0.08619126,0.23942018,10.086772,0.0,0.0,0.0012217305,-11.219999,-16.02,-66.96,965
1736782432023,0.0,0.0,0.0,-0.16998832,0.15083471,10.053253,0.0,0.0,0.0,-10.38,-15.839999,-67.26,965
1736782433418,0.0,0.0,0.0,-0.12449849,0.23463176,10.077195,0.0,0.0,0.0,-10.44,-16.8,-66.659996,965
1736782435216,0.0,0.0,0.0,-0.20590134,0.25378537,10.058042,0.0,-0.0012217305,0.0,-8.04,-14.639999,-50.7,965
1736782437015,0.0,0.0,0.0,1.3024458,-2.5019407,21.41374,-0.40194935,6.1037655,0.1282817,-8.16,-15.24,-51.059998,965
1736782438021,0.0,0.0,0.0,-0.7182605,1.460463,11.520899,-0.63041294,2.8637362,2.8038714,-4.14,-3.6,-33.18,965
1736782440031,0.0,0.0,0.0,2.7246015,4.8386817,8.078036,0.008552114,-0.087964594,-0.013439035,1.0799999,-10.08,-36.78,965
1736782441035,0.0,0.0,0.0,2.6647465,2.4779987,6.789956,-0.7012733,-0.45570546,0.2406809,-6.8999996,-4.44,-39.239998,965
1736782442086,0.0,0.0,0.0,4.003105,1.4939818,13.13459,-1.0311406,-1.1410962,-0.39706242,-6.54,-2.34,-38.46,965
1736782443100,0.0,0.0,0.0,0.1364695,0.62249243,10.077195,-0.007330383,-0.0036651916,0.0012217305,-2.1,-4.2599998,-38.34,965
1736782444104,0.0,0.0,0.0,0.1316811,0.6512229,10.0987425,-0.0036651916,0.0036651916,-0.0012217305,-5.22,-6.3599997,-35.46,965
1736782446124,0.0,0.0,0.0,0.12210429,0.5626374,10.031705,0.0,-0.002443461,0.0,-7.08,-4.08,-36.239998,965
1736782447137,0.0,0.0,0.0,1.0223241,1.3431472,10.484209,0.625526,1.7153096,-0.065973446,-0.9,26.76,28.68,965
1736782448142,0.0,0.0,0.0,3.1771057,-4.0078936,7.893683,-1.8020525,-1.9755383,-0.4373795,-104.22,396.36,-204.59999,965
